,Time to Implement,Reproduced,Year,Type,Venue,Primary Topic,Year Attempted,Author Code Available,Authors Reply,Rigor vs Empirical,Number of Authors,Pages,Num References,Number of Equations,Number of Proofs,Has Appendix,Looks Intimidating,Paper Readability,Algo Difficulty,Pseudo Code,Data Available,Total Tables and Figures,Number of Tables,Number of Graphs/Plots,Number of Other Figures,Conceptualization Figures,Uses Exemplar Toy Problem,Exact Compute Used,Hyperparameters Specified,Compute Needed,Normalized Num References,Normalized Number of Equations,Normalized Number of Proofs,Normalized Total Tables and Figures,Normalized Number of Tables,Normalized Number of Graphs/Plots,Normalized Number of Other Figures,Normalized Conceptualization Figures,0_YearsLater,1_YearsLater,2_YearsLater,3_YearsLater,4_YearsLater,5_YearsLater,6_YearsLater,7_YearsLater,8_YearsLater,9_YearsLater
0,,Yes,1993,Conference,Proceedings of the fourth annual ACM-SIAM Symposium on Discrete algorithms,Search/Retrieval,2012,No,,Balance,1,11,27,8,2,No,Yes,Ok,Medium,Code-Like,No,12,2,3,2,5,No,No,Yes,Desktop,2.45454545454545,0.7272727272727270,0.181818181818182,1.09090909090909,0.181818181818182,0.272727272727273,0.181818181818182,0.454545454545455,3.0,3.0,3.0,1.0,12.0,25.0,19.0,20.0,22.0,21.0
1,471.0,Yes,2006,Book,Book,Search/Retrieval,2012,Yes,Yes,Theory,4,13,10,14,0,No,No,Low,Medium,No,Yes,7,0,7,0,0,No,No,Yes,Desktop,0.7692307692307690,1.07692307692308,0.0,0.538461538461538,0.0,0.538461538461538,0.0,0.0,0.0,8.0,7.0,13.0,8.0,1.0,5.0,8.0,2.0,0.0
2,299.0,Yes,2010,Journal,Mathematical Programming,Kernel/SVMs,2012,No,,Theory,4,27,37,45,3,No,Yes,Ok,Low,Yes,Yes,26,5,21,0,0,No,Yes,Yes,Desktop,1.3703703703703700,1.6666666666666700,0.111111111111111,0.962962962962963,0.185185185185185,0.7777777777777780,0.0,0.0,132.0,104.0,146.0,206.0,189.0,206.0,200.0,182.0,174.0,138.0
3,,Yes,2000,Journal,The Annals of Statistics,Ensembling,2012,No,,Balance,3,38,29,60,5,No,Yes,Ok,Low,Yes,Yes,17,3,13,1,0,No,No,Partial,Desktop,0.763157894736842,1.57894736842105,0.131578947368421,0.447368421052632,0.0789473684210526,0.3421052631578950,0.0263157894736842,0.0,6.0,0.0,4.0,1.0,5.0,8.0,10.0,10.0,9.0,14.0
4,,Yes,2001,Journal,Machine Learning,Ensembling,2012,Yes,,Empirical,1,27,17,32,1,Yes,No,Excellent,Medium,No,Yes,14,8,6,0,0,No,No,Yes,Desktop,0.62962962962963,1.18518518518519,0.037037037037037,0.5185185185185190,0.296296296296296,0.222222222222222,0.0,0.0,0.0,16.0,56.0,126.0,194.0,346.0,455.0,679.0,938.0,1132.0
5,191.0,Yes,2001,Journal,Annals of Statistics,Ensembling,2012,Yes,,Balance,1,39,22,92,0,No,Yes,Excellent,Low,Step-Code,Yes,48,5,43,0,0,No,No,Yes,Desktop,0.564102564102564,2.35897435897436,0.0,1.23076923076923,0.128205128205128,1.1025641025641,0.0,0.0,31.0,28.0,35.0,58.0,60.0,115.0,126.0,141.0,176.0,225.0
6,191.0,Yes,1999,Journal,Computational Statistics & Data Analysis,Ensembling,2012,No,,Balance,1,10,5,14,0,No,No,Good,Medium,Yes,Yes,9,0,9,0,0,No,No,Yes,Desktop,0.5,1.4,0.0,0.9,0.0,0.9,0.0,0.0,0.0,4.0,0.0,8.0,10.0,13.0,21.0,42.0,52.0,51.0
7,290.0,Yes,1998,Journal,The Annals of Statistics,Ensembling,2012,No,,Empirical,1,23,21,13,0,No,No,Good,Low,Yes,Yes,15,10,5,0,0,No,No,Yes,Desktop,0.91304347826087,0.565217391304348,0.0,0.652173913043478,0.434782608695652,0.217391304347826,0.0,0.0,7.0,5.0,17.0,10.0,30.0,44.0,48.0,48.0,44.0,51.0
8,,Yes,1996,Conference,ICML,Ensembling,2012,No,,Empirical,2,15,20,4,0,Yes,No,Excellent,Low,Yes,Yes,5,3,1,1,0,No,No,No,Desktop,1.33333333333333,0.266666666666667,0.0,0.333333333333333,0.2,0.0666666666666667,0.0666666666666667,0.0,16.0,46.0,76.0,107.0,103.0,124.0,164.0,217.0,342.0,325.0
9,,Yes,2003,Conference,ICML,Clustering,2012,No,Yes,Theory,1,7,31,8,2,No,No,Low,High,Step-Code,Yes,2,2,0,0,0,No,No,Yes,Desktop,4.42857142857143,1.14285714285714,0.285714285714286,0.285714285714286,0.285714285714286,0.0,0.0,0.0,3.0,9.0,18.0,18.0,32.0,24.0,39.0,40.0,41.0,54.0
10,164.0,Yes,2007,Conference,Adaptive and Natural Computing Algorithms,Clustering,2012,Yes,Yes,Empirical,2,10,10,9,0,No,No,Good,Low,Yes,No,7,0,0,5,2,Yes,No,Yes,Desktop,1.0,0.9,0.0,0.7,0.0,0.0,0.5,0.2,2.0,4.0,4.0,3.0,4.0,6.0,1.0,9.0,1.0,6.0
11,,Yes,2009,Journal,Statistics and Its Interface,Ensembling,2012,No,,Balance,4,12,24,37,1,Yes,No,Ok,Low,Step-Code,Yes,18,5,13,0,0,No,No,Yes,Desktop,2.0,3.0833333333333300,0.0833333333333333,1.5,0.4166666666666670,1.08333333333333,0.0,0.0,38.0,23.0,30.0,37.0,42.0,65.0,59.0,82.0,89.0,126.0
12,,Yes,2010,Conference,SDM,Clustering,2012,Yes,Yes,Empirical,1,11,19,4,0,No,Yes,Good,Medium,Code-Like,Yes,4,4,0,0,0,No,Yes,Yes,Desktop,1.72727272727273,0.363636363636364,0.0,0.363636363636364,0.363636363636364,0.0,0.0,0.0,0.0,3.0,7.0,10.0,9.0,7.0,19.0,22.0,19.0,20.0
13,55.0,Yes,2000,Conference,NIPS,Meta,2012,No,,Theory,3,7,10,19,2,Yes,No,Excellent,Low,No,Yes,3,1,0,0,2,No,No,Yes,Desktop,1.42857142857143,2.71428571428571,0.285714285714286,0.4285714285714290,0.142857142857143,0.0,0.0,0.285714285714286,17.0,24.0,54.0,55.0,70.0,104.0,103.0,134.0,116.0,134.0
14,,Yes,1998,Journal,Machine Learning,Classification,2012,No,,Theory,1,34,22,104,16,No,Yes,Ok,Low,No,No,5,2,0,3,0,No,No,Yes,Desktop,0.647058823529412,3.05882352941176,0.470588235294118,0.147058823529412,0.0588235294117647,0.0,0.0882352941176471,0.0,335.0,50.0,39.0,47.0,63.0,53.0,116.0,70.0,65.0,78.0
15,29.0,Yes,1999,Conference,SIGMOD CMD,Clustering,2012,Yes,,Empirical,4,12,27,32,0,No,Yes,Low,High,Code-Like,Yes,18,0,7,4,7,Yes,No,Yes,Desktop,2.25,2.6666666666666700,0.0,1.5,0.0,0.583333333333333,0.333333333333333,0.583333333333333,7.0,12.0,21.0,37.0,61.0,64.0,69.0,107.0,103.0,91.0
16,1123.0,Yes,2000,Journal,Science,Dimension Reduction,2012,Yes,,Empirical,3,4,36,10,0,No,Yes,Ok,Medium,Step-Code,Yes,8,0,6,1,1,Yes,No,Yes,Desktop,9.0,2.5,0.0,2.0,0.0,1.5,0.25,0.25,8.0,23.0,89.0,143.0,249.0,321.0,370.0,501.0,535.0,658.0
17,1.0,Yes,2011,Journal,JMLR,Ensembling,2012,Yes,,Empirical,3,13,18,11,0,Yes,No,Good,Low,Yes,Yes,10,4,6,0,0,No,Yes,Yes,Desktop,1.38461538461538,0.8461538461538460,0.0,0.7692307692307690,0.307692307692308,0.461538461538462,0.0,0.0,6.0,18.0,17.0,18.0,16.0,19.0,11.0,6.0,18.0,10.0
18,2.0,Yes,2012,Conference,International Parallel and Distributed Processing Symposium,Search/Retrieval,2012,Yes,Yes,Balance,1,12,34,39,1,Yes,No,Excellent,Medium,No,Yes,12,3,7,0,2,No,Yes,Yes,Server,2.8333333333333300,3.25,0.0833333333333333,1.0,0.25,0.583333333333333,0.0,0.166666666666667,1.0,13.0,5.0,6.0,2.0,7.0,5.0,3.0,1.0,1.0
19,0.0,Yes,1996,Journal,PATIERN ANALYSIS AND MACHINE INTELLIGENCE,Search/Retrieval,2012,No,,Empirical,2,9,17,21,0,No,Yes,Ok,Low,Step-Code,Yes,34,1,24,6,3,Yes,No,Yes,Desktop,1.88888888888889,2.3333333333333300,0.0,3.77777777777778,0.111111111111111,2.6666666666666700,0.666666666666667,0.333333333333333,15.0,9.0,18.0,16.0,16.0,24.0,25.0,18.0,30.0,39.0
20,0.0,Yes,1997,Journal,Machine Learning,Classification,2012,No,,Empirical,4,63,229,81,0,No,Yes,Good,Low,No,Yes,25,0,21,2,2,Yes,No,Partial,Desktop,3.63492063492063,1.28571428571429,0.0,0.396825396825397,0.0,0.333333333333333,0.0317460317460317,0.0317460317460317,2.0,0.0,3.0,7.0,4.0,44.0,65.0,87.0,96.0,115.0
21,0.0,Yes,2003,Conference,UAI,Classification,2012,Yes,,Empirical,3,8,16,6,0,No,No,Excellent,Low,No,Yes,7,3,3,1,0,Yes,No,Yes,Desktop,2.0,0.75,0.0,0.875,0.375,0.375,0.125,0.0,0.0,1.0,6.0,8.0,14.0,14.0,27.0,15.0,16.0,22.0
22,1.0,Yes,2005,Journal,Machine Learning,Classification,2012,Yes,,Balance,3,24,28,18,0,No,Yes,Good,Low,No,Yes,11,10,1,0,0,No,No,Yes,Desktop,1.16666666666667,0.75,0.0,0.4583333333333330,0.4166666666666670,0.0416666666666667,0.0,0.0,13.0,21.0,21.0,25.0,35.0,30.0,34.0,41.0,49.0,47.0
23,0.0,Yes,2006,Conference,PRICAI,Classification,2012,No,,Empirical,2,5,8,10,0,No,No,Ok,Low,No,Yes,1,1,0,0,0,No,No,Yes,Desktop,1.6,2.0,0.0,0.2,0.2,0.0,0.0,0.0,1.0,2.0,0.0,2.0,2.0,5.0,5.0,4.0,5.0,3.0
24,,Yes,1997,Conference,International Conference on Database Theory,Search/Retrieval,2012,No,,Balance,2,15,27,21,3,No,Yes,Ok,High,Step-Code,No,10,4,1,1,4,No,No,Yes,Desktop,1.8,1.4,0.2,0.666666666666667,0.266666666666667,0.0666666666666667,0.0666666666666667,0.266666666666667,1.0,9.0,3.0,11.0,10.0,9.0,8.0,10.0,6.0,7.0
25,,Yes,1984,Conference,SIGMOD CMD,Search/Retrieval,2012,No,,Empirical,1,11,16,9,0,No,No,Low,High,Step-Code,No,14,1,9,1,3,No,No,Yes,Desktop,1.45454545454545,0.818181818181818,0.0,1.27272727272727,0.0909090909090909,0.818181818181818,0.0909090909090909,0.272727272727273,4.0,2.0,7.0,11.0,24.0,34.0,29.0,30.0,39.0,67.0
26,,Yes,2002,Journal,Pattern Analysis and Machine Intelligence,Clustering,2012,No,,Empirical,2,17,67,42,2,Yes,Yes,Good,Low,Step-Code,Yes,15,0,0,14,1,Yes,No,No,Desktop,3.94117647058824,2.47058823529412,0.117647058823529,0.882352941176471,0.0,0.0,0.823529411764706,0.0588235294117647,23.0,90.0,168.0,251.0,348.0,446.0,526.0,683.0,780.0,770.0
27,,Yes,1986,Journal,Machine Learning,Classification,2012,Yes,,Empirical,1,26,35,25,0,No,No,Good,Medium,No,Yes,8,3,1,1,3,Yes,No,Yes,Desktop,1.34615384615385,0.961538461538462,0.0,0.307692307692308,0.115384615384615,0.0384615384615385,0.0384615384615385,0.115384615384615,0.0,0.0,0.0,0.0,0.0,0.0,0.0,0.0,0.0,0.0
28,1687.0,Yes,2002,Journal,JAIR,Class Imbalance,2012,No,,Empirical,4,37,37,5,0,Yes,No,Good,Low,Yes,Yes,35,5,27,3,0,Yes,No,Yes,Desktop,1.0,0.135135135135135,0.0,0.945945945945946,0.135135135135135,0.72972972972973,0.0810810810810811,0.0,4.0,21.0,33.0,45.0,93.0,97.0,124.0,176.0,193.0,250.0
29,,Yes,1988,Journal,Information Processing and Management,NLP,2012,No,,Empirical,2,11,55,15,0,No,No,Good,Low,No,No,5,5,0,0,0,No,No,Yes,Desktop,5.0,1.3636363636363600,0.0,0.454545454545455,0.454545454545455,0.0,0.0,0.0,0.0,2.0,9.0,22.0,20.0,30.0,31.0,48.0,39.0,62.0
30,220.0,Yes,2007,Journal,Technometrics,Classification,2012,Yes,,Balance,3,14,66,35,0,No,Yes,Low,High,Yes,Yes,12,3,9,0,0,No,No,Yes,Desktop,4.71428571428571,2.5,0.0,0.857142857142857,0.214285714285714,0.6428571428571430,0.0,0.0,64.0,48.0,44.0,56.0,54.0,52.0,57.0,70.0,57.0,53.0
31,2.0,Yes,1990,Conference,SIGIR,NLP,2012,Yes,,Empirical,1,6,7,0,0,No,No,Good,Low,No,No,0,0,0,0,0,No,No,Yes,Desktop,1.16666666666667,0.0,0.0,0.0,0.0,0.0,0.0,0.0,0.0,2.0,3.0,5.0,1.0,2.0,2.0,2.0,2.0,0.0
32,15.0,Yes,2003,Journal,Journal of Computer and System Sciences,Feature Engineering,2012,No,,Theory,1,17,16,79,7,No,Yes,Good,Low,No,No,0,0,0,0,0,No,No,Yes,Desktop,0.941176470588235,4.64705882352941,0.411764705882353,0.0,0.0,0.0,0.0,0.0,2.0,0.0,7.0,14.0,19.0,20.0,39.0,49.0,63.0,54.0
33,1.0,Yes,2006,Journal,Machine learning,Ensembling,2012,Yes,,Balance,3,26,49,25,1,Yes,No,Excellent,Low,Yes,Yes,78,6,72,0,0,No,No,Yes,Desktop,1.88461538461538,0.961538461538462,0.0384615384615385,3.0,0.230769230769231,2.76923076923077,0.0,0.0,24.0,16.0,36.0,66.0,54.0,66.0,71.0,100.0,151.0,168.0
34,,Yes,1996,Conference,AAAI,Ensembling,2012,Yes,,Empirical,1,6,19,4,0,No,No,Good,Low,No,Yes,3,1,2,0,0,No,No,Yes,Desktop,3.1666666666666700,0.666666666666667,0.0,0.5,0.166666666666667,0.333333333333333,0.0,0.0,11.0,19.0,44.0,65.0,47.0,50.0,65.0,76.0,79.0,67.0
35,408.0,Yes,2010,Conference,ICML,Kernel/SVMs,2013,Yes,Yes,Balance,3,8,23,46,3,No,Yes,Good,Medium,Yes,Yes,4,1,3,0,0,No,No,Yes,Desktop,2.875,5.75,0.375,0.5,0.125,0.375,0.0,0.0,3.0,3.0,9.0,9.0,2.0,6.0,7.0,5.0,6.0,1.0
36,76.0,Yes,2006,Journal,JMLR,Online Classification,2013,Yes,,Theory,5,34,34,139,9,Yes,No,Good,Low,Yes,Yes,12,0,12,0,0,No,No,Yes,Desktop,1.0,4.088235294117650,0.264705882352941,0.3529411764705880,0.0,0.3529411764705880,0.0,0.0,37.0,44.0,62.0,75.0,91.0,107.0,131.0,140.0,144.0,148.0
37,,Yes,2009,Conference,ICML,Classification,2013,Yes,,Theory,2,8,25,62,3,No,No,Good,Low,Yes,Yes,6,0,6,0,0,No,No,Yes,Desktop,3.125,7.75,0.375,0.75,0.0,0.75,0.0,0.0,7.0,10.0,13.0,17.0,25.0,42.0,52.0,53.0,45.0,30.0
38,476.0,Yes,2010,Conference,NIPS,Topic Modeling,2013,Yes,Yes,Theory,3,9,25,24,0,No,No,Low,Medium,Yes,Yes,5,1,3,1,0,No,No,Partial,Desktop,2.77777777777778,2.6666666666666700,0.0,0.555555555555556,0.111111111111111,0.333333333333333,0.111111111111111,0.0,3.0,40.0,85.0,106.0,148.0,143.0,179.0,169.0,149.0,144.0
39,23.0,Yes,2008,Conference,ICML,Kernel/SVMs,2013,Yes,Yes,Balance,5,9,24,44,7,Yes,Yes,Good,Medium,Code-Like,Yes,14,2,12,0,0,No,Yes,Yes,Desktop,2.6666666666666700,4.888888888888890,0.7777777777777780,1.55555555555556,0.222222222222222,1.33333333333333,0.0,0.0,8.0,38.0,46.0,59.0,64.0,84.0,75.0,75.0,82.0,104.0
40,,Yes,2010,Conference,WWW,Clustering,2013,Yes,,Empirical,1,2,6,3,0,No,No,Excellent,Low,Yes,Yes,4,1,3,0,0,No,Yes,Yes,Desktop,3.0,1.5,0.0,2.0,0.5,1.5,0.0,0.0,1.0,5.0,14.0,16.0,29.0,42.0,53.0,83.0,87.0,123.0
41,133.0,Yes,2007,Journal,Machine Learning,Meta,2013,Yes,,Balance,3,8,9,18,3,Yes,No,Good,Low,Code-Like,Yes,2,2,0,0,0,No,No,Yes,Desktop,1.125,2.25,0.375,0.25,0.25,0.0,0.0,0.0,51.0,30.0,63.0,76.0,77.0,72.0,74.0,71.0,72.0,74.0
42,133.0,Yes,2005,Conference,ICML,Meta,2013,No,,Empirical,2,8,9,6,0,No,Yes,Good,Low,Yes,Yes,63,2,61,0,0,No,No,Yes,Desktop,1.125,0.75,0.0,7.875,0.25,7.625,0.0,0.0,5.0,16.0,20.0,18.0,11.0,19.0,19.0,22.0,22.0,23.0
43,133.0,Yes,1999,Book,Advances in Large Margin Classifiers,Meta,2013,No,,Empirical,1,11,22,16,0,Yes,No,Good,Low,Code-Like,Yes,4,2,2,0,0,No,No,Yes,Desktop,2.0,1.45454545454545,0.0,0.363636363636364,0.181818181818182,0.181818181818182,0.0,0.0,0.0,0.0,0.0,0.0,0.0,0.0,0.0,0.0,0.0,0.0
44,,Yes,2010,Conference,AISTATS,Deep Learning,2013,No,,Balance,2,8,20,18,0,No,Yes,Low,Low,No,Yes,20,1,17,1,1,No,No,Yes,GPU,2.5,2.25,0.0,2.5,0.125,2.125,0.125,0.125,6.0,12.0,28.0,38.0,81.0,219.0,580.0,1236.0,1947.0,2482.0
45,49.0,Yes,2008,Journal,SIAM Journal on Computing,Kernel/SVMs,2013,No,,Theory,3,31,12,156,13,No,Yes,Ok,Low,Yes,Yes,14,1,12,0,1,No,No,Yes,Desktop,0.387096774193548,5.03225806451613,0.419354838709677,0.451612903225806,0.032258064516129,0.387096774193548,0.0,0.032258064516129,5.0,12.0,13.0,20.0,13.0,14.0,16.0,18.0,18.0,12.0
46,0.0,Yes,2010,Conference,SDM,Online Classification,2013,No,Yes,Balance,5,12,15,75,4,No,Yes,Ok,Low,Yes,Yes,13,6,7,0,0,No,No,Yes,Desktop,1.25,6.25,0.333333333333333,1.08333333333333,0.5,0.583333333333333,0.0,0.0,0.0,2.0,2.0,0.0,4.0,3.0,0.0,0.0,1.0,3.0
47,,Yes,2001,Journal,Neural Computation,Kernel/SVMs,2013,Yes,,Balance,4,28,5,37,0,No,No,Ok,Medium,Code-Like,Yes,10,10,0,0,0,No,No,Yes,Desktop,0.178571428571429,1.32142857142857,0.0,0.3571428571428570,0.3571428571428570,0.0,0.0,0.0,19.0,23.0,29.0,62.0,53.0,81.0,92.0,75.0,91.0,94.0
48,,Yes,1998,Book,Advances in kernel methods,Kernel/SVMs,2013,Yes,,Balance,1,20,20,24,1,Yes,Yes,Good,Medium,Code-Like,Yes,13,10,0,1,2,No,Yes,Yes,Desktop,1.0,1.2,0.05,0.65,0.5,0.0,0.05,0.1,3.0,11.0,11.0,18.0,38.0,47.0,69.0,69.0,97.0,95.0
49,6.0,Yes,2007,Journal,BMC Bioinformatics,Clustering,2013,Yes,,Empirical,2,15,31,11,0,No,No,Excellent,Low,No,Yes,15,1,13,0,1,Yes,No,Yes,Desktop,2.06666666666667,0.733333333333333,0.0,1.0,0.0666666666666667,0.866666666666667,0.0,0.0666666666666667,1.0,14.0,16.0,11.0,14.0,16.0,24.0,19.0,35.0,50.0
50,,Yes,1994,Tech Report,Tech Report,Deep Learning,2013,No,,Empirical,1,2,5,5,0,No,No,Excellent,Low,Yes,No,0,0,0,0,0,No,No,Yes,Desktop,2.5,2.5,0.0,0.0,0.0,0.0,0.0,0.0,0.0,0.0,6.0,2.0,1.0,4.0,3.0,3.0,3.0,2.0
51,,Yes,2000,Conference,Neural Computation,Deep Learning,2013,No,,Empirical,2,7,19,18,0,No,Yes,Excellent,Low,Yes,Yes,7,1,6,0,0,No,No,Yes,Desktop,2.71428571428571,2.57142857142857,0.0,1.0,0.142857142857143,0.857142857142857,0.0,0.0,1.0,2.0,5.0,3.0,10.0,7.0,24.0,20.0,17.0,9.0
52,867.0,Yes,1993,Conference,Neural Networks,Deep Learning,2013,No,,Empirical,2,6,7,10,0,No,No,Good,Low,Yes,No,7,5,2,0,0,Yes,No,Yes,Desktop,1.16666666666667,1.6666666666666700,0.0,1.16666666666667,0.833333333333333,0.333333333333333,0.0,0.0,5.0,12.0,18.0,35.0,59.0,65.0,87.0,72.0,99.0,108.0
53,,Yes,2010,Conference,AISTATS,Online Classification,2013,Yes,Yes,Balance,2,8,16,33,3,No,Yes,Good,Medium,Yes,Yes,5,1,4,0,0,No,No,Yes,Desktop,2.0,4.125,0.375,0.625,0.125,0.5,0.0,0.0,2.0,3.0,5.0,13.0,5.0,7.0,15.0,9.0,6.0,7.0
54,4.0,Yes,2002,Journal,JMLR,Online Classification,2013,No,,Balance,1,30,48,43,7,No,Yes,Excellent,Low,Yes,Yes,20,6,14,0,0,No,No,Yes,Desktop,1.6,1.4333333333333300,0.233333333333333,0.666666666666667,0.2,0.466666666666667,0.0,0.0,9.0,13.0,5.0,16.0,10.0,16.0,8.0,11.0,14.0,15.0
55,4.0,Yes,2002,Journal,Machine Learning,Online Classification,2013,No,,Balance,2,31,48,73,6,No,Yes,Excellent,Low,Yes,Yes,8,5,0,0,3,No,Yes,Yes,Desktop,1.5483870967741900,2.35483870967742,0.193548387096774,0.258064516129032,0.161290322580645,0.0,0.0,0.0967741935483871,4.0,8.0,8.0,13.0,17.0,14.0,7.0,9.0,14.0,12.0
56,,Yes,2003,Conference,NIPS,Online Classification,2013,No,,Theory,3,8,7,15,1,No,No,Good,Low,Yes,Yes,10,1,9,0,0,No,No,No,Desktop,0.875,1.875,0.125,1.25,0.125,1.125,0.0,0.0,0.0,3.0,10.0,8.0,9.0,3.0,15.0,11.0,10.0,14.0
57,0.0,Yes,2011,Journal,JMLR,Online Classification,2013,Yes,,Balance,3,22,30,54,9,Yes,Yes,Good,Medium,Yes,Yes,20,4,16,0,0,No,Yes,Yes,Desktop,1.3636363636363600,2.45454545454545,0.409090909090909,0.9090909090909090,0.181818181818182,0.7272727272727270,0.0,0.0,0.0,5.0,9.0,12.0,15.0,15.0,3.0,6.0,5.0,10.0
58,2.0,Yes,2013,Journal,Machine Learning,Online Classification,2013,Yes,,Theory,3,9,11,32,3,No,No,Ok,Low,Step-Code,Yes,11,2,9,0,0,No,No,No,Desktop,1.22222222222222,3.55555555555556,0.333333333333333,1.22222222222222,0.222222222222222,1.0,0.0,0.0,67.0,39.0,33.0,49.0,48.0,26.0,23.0,23.0,14.0,0.0
59,,Yes,2012,Conference,ECML PKDD,Online Classification,2013,Yes,,Balance,2,16,12,38,2,No,Yes,Good,Medium,Yes,Yes,21,3,18,0,0,No,No,Yes,Desktop,0.75,2.375,0.125,1.3125,0.1875,1.125,0.0,0.0,0.0,3.0,1.0,0.0,6.0,1.0,0.0,0.0,0.0,2.0
60,1.0,Yes,2008,Conference,NIPS,Online Classification,2013,No,,Theory,3,8,20,30,5,Yes,No,Good,Low,Yes,Yes,4,0,3,1,0,No,No,No,Desktop,2.5,3.75,0.625,0.5,0.0,0.375,0.125,0.0,0.0,6.0,13.0,12.0,11.0,9.0,16.0,14.0,12.0,12.0
61,1.0,Yes,2012,Conference,ICML,Online Classification,2013,Yes,,Balance,3,7,16,40,2,Yes,No,Excellent,Low,Yes,Yes,9,3,6,0,0,No,No,Yes,Desktop,2.28571428571429,5.71428571428571,0.285714285714286,1.28571428571429,0.4285714285714290,0.857142857142857,0.0,0.0,2.0,17.0,19.0,14.0,25.0,21.0,15.0,15.0,12.0,3.0
62,2.0,Yes,2012,Conference,ICML,Kernel/SVMs,2013,Yes,Yes,Balance,3,8,22,33,6,Yes,No,Good,Medium,Yes,Yes,6,2,3,0,1,No,Yes,Yes,Desktop,2.75,4.125,0.75,0.75,0.25,0.375,0.0,0.125,1.0,5.0,4.0,0.0,4.0,0.0,1.0,0.0,0.0,3.0
63,,Yes,2005,Journal,JMLR,Kernel/SVMs,2013,Yes,,Balance,3,27,22,82,4,Yes,Yes,Good,Medium,Code-Like,Yes,27,1,26,0,0,No,No,Yes,Desktop,0.8148148148148150,3.03703703703704,0.148148148148148,1.0,0.037037037037037,0.962962962962963,0.0,0.0,7.0,23.0,36.0,68.0,98.0,115.0,105.0,116.0,118.0,104.0
64,0.0,Yes,2005,Conference,GraphiCon,Ensembling,2013,Yes,,Empirical,2,4,9,20,0,No,No,Good,Low,Step-Code,Yes,4,0,4,0,0,No,No,No,Desktop,2.25,5.0,0.0,1.0,0.0,1.0,0.0,0.0,0.0,2.0,4.0,7.0,17.0,12.0,18.0,9.0,13.0,12.0
65,23.0,Yes,2004,Conference,SGC,Search/Retrieval,2013,Yes,,Balance,4,7,31,19,3,Yes,No,Low,High,No,Yes,6,0,6,0,0,No,Yes,Yes,Desktop,4.42857142857143,2.71428571428571,0.4285714285714290,0.857142857142857,0.0,0.857142857142857,0.0,0.0,1.0,7.0,29.0,47.0,70.0,79.0,100.0,123.0,176.0,179.0
66,17.0,Yes,2004,Journal,Transactions on Signal Processing,Kernel/SVMs,2013,No,,Balance,3,8,13,30,0,No,No,Good,Medium,Yes,Yes,8,2,6,0,0,No,Yes,Yes,Desktop,1.625,3.75,0.0,1.0,0.25,0.75,0.0,0.0,2.0,13.0,22.0,30.0,31.0,34.0,40.0,49.0,59.0,69.0
67,4.0,Yes,2012,Conference,AAAI,Kernel/SVMs,2013,No,,Balance,4,7,27,29,3,No,No,Good,Low,Yes,Yes,17,2,15,0,0,No,No,Yes,Desktop,3.85714285714286,4.142857142857140,0.4285714285714290,2.42857142857143,0.285714285714286,2.14285714285714,0.0,0.0,0.0,3.0,1.0,4.0,6.0,0.0,3.0,2.0,0.0,0.0
68,1506.0,Yes,2012,Journal,JMLR,Linear Models,2013,No,,Theory,2,33,19,167,14,No,Yes,Ok,Medium,Step-Code,Yes,108,2,106,0,0,No,Yes,Yes,Desktop,0.575757575757576,5.06060606060606,0.424242424242424,3.2727272727272700,0.0606060606060606,3.21212121212121,0.0,0.0,5.0,20.0,57.0,106.0,122.0,135.0,129.0,141.0,99.0,58.0
69,1.0,Yes,2010,Journal,Machine Learning,Linear Models,2013,Yes,,Balance,3,29,33,104,8,Yes,Yes,Good,Medium,Yes,Yes,32,5,25,0,2,No,Yes,Yes,Desktop,1.13793103448276,3.5862068965517200,0.2758620689655170,1.10344827586207,0.172413793103448,0.8620689655172410,0.0,0.0689655172413793,3.0,2.0,5.0,15.0,14.0,28.0,20.0,41.0,39.0,37.0
70,,Yes,1999,Journal,Machine Learning,Kernel/SVMs,2013,No,,Balance,2,19,21,45,3,No,No,Excellent,Low,Step-Code,Yes,9,3,6,0,0,No,No,Yes,Desktop,1.10526315789474,2.36842105263158,0.157894736842105,0.473684210526316,0.157894736842105,0.315789473684211,0.0,0.0,13.0,7.0,15.0,15.0,22.0,23.0,32.0,23.0,26.0,35.0
71,11.0,Yes,2012,Journal,JMLR,Linear Models,2013,Yes,,Balance,2,27,25,78,0,Yes,Yes,Excellent,Medium,Yes,Yes,44,5,36,1,2,No,Yes,Yes,Desktop,0.925925925925926,2.88888888888889,0.0,1.6296296296296300,0.185185185185185,1.33333333333333,0.037037037037037,0.0740740740740741,4.0,6.0,6.0,13.0,12.0,16.0,20.0,23.0,9.0,7.0
72,603.0,Yes,2012,Journal,JMLR,Linear Models,2013,Yes,Yes,Balance,3,9,13,42,1,Yes,Yes,Good,Medium,Code-Like,Yes,17,3,14,0,0,No,Yes,Yes,Desktop,1.44444444444444,4.66666666666667,0.111111111111111,1.88888888888889,0.333333333333333,1.55555555555556,0.0,0.0,14.0,15.0,24.0,16.0,31.0,21.0,18.0,18.0,18.0,9.0
73,,Yes,2010,Journal,JMLR,Linear Models,2013,Yes,,Empirical,4,50,70,140,0,Yes,Yes,Excellent,High,Yes,Yes,64,2,62,0,0,No,Yes,Yes,Desktop,1.4,2.8,0.0,1.28,0.04,1.24,0.0,0.0,10.0,13.0,21.0,31.0,30.0,23.0,31.0,13.0,21.0,23.0
74,,Yes,2007,Conference,ACM-SIAM symposium on Discrete algorithms,Clustering,2013,No,,Theory,2,11,12,53,8,No,Yes,Excellent,Low,Step-Code,Yes,4,4,0,0,0,No,No,Yes,Desktop,1.09090909090909,4.81818181818182,0.7272727272727270,0.363636363636364,0.363636363636364,0.0,0.0,0.0,9.0,47.0,103.0,124.0,154.0,204.0,286.0,352.0,448.0,602.0
75,0.0,Yes,2009,Journal,JMLR,Kernel/SVMs,2013,Yes,,Balance,3,24,33,107,5,No,Yes,Good,Low,Yes,Yes,14,1,12,0,1,No,No,Yes,Desktop,1.375,4.45833333333333,0.208333333333333,0.583333333333333,0.0416666666666667,0.5,0.0,0.0416666666666667,0.0,4.0,7.0,11.0,14.0,6.0,8.0,12.0,12.0,8.0
76,0.0,Yes,2008,Conference,ICML,Kernel/SVMs,2013,Yes,,Balance,3,8,17,48,3,No,No,Good,Low,Yes,Yes,6,3,3,0,0,No,No,No,Desktop,2.125,6.0,0.375,0.75,0.375,0.375,0.0,0.0,0.0,11.0,5.0,12.0,7.0,14.0,5.0,12.0,11.0,13.0
77,207.0,Yes,2012,Conference,ICML,Kernel/SVMs,2013,Yes,,Balance,5,8,16,53,3,No,Yes,Ok,Medium,Yes,Yes,3,3,0,0,0,No,Yes,Yes,Desktop,2.0,6.625,0.375,0.375,0.375,0.0,0.0,0.0,0.0,2.0,5.0,6.0,13.0,8.0,7.0,5.0,4.0,3.0
78,182.0,Yes,2011,Conference,KDD,Non-Linear Other,2013,Yes,Yes,Balance,4,9,28,36,3,Yes,Yes,Ok,Medium,Yes,Yes,9,4,4,0,1,No,Yes,Yes,Desktop,3.11111111111111,4.0,0.333333333333333,1.0,0.444444444444444,0.444444444444444,0.0,0.111111111111111,0.0,2.0,3.0,9.0,6.0,7.0,7.0,9.0,4.0,5.0
79,189.0,Yes,2012,Journal,JMLR,Kernel/SVMs,2013,Yes,Yes,Balance,3,27,55,45,3,Yes,Yes,Good,High,Yes,Yes,18,6,10,1,1,No,Yes,Yes,Desktop,2.03703703703704,1.6666666666666700,0.111111111111111,0.666666666666667,0.222222222222222,0.37037037037037,0.037037037037037,0.037037037037037,0.0,6.0,8.0,14.0,22.0,22.0,24.0,24.0,18.0,13.0
80,101.0,Yes,2001,Journal,Neural Networks,Deep Learning,2013,No,,Empirical,3,19,58,50,0,Yes,Yes,Good,Medium,Yes,No,22,4,1,15,2,No,No,No,Desktop,3.05263157894737,2.63157894736842,0.0,1.1578947368421100,0.2105263157894740,0.0526315789473684,0.7894736842105260,0.1052631578947370,4.0,4.0,14.0,12.0,6.0,13.0,18.0,17.0,23.0,19.0
81,97.0,Yes,1998,Conference,Cybernetics,Deep Learning,2013,No,,Empirical,2,6,3,15,0,No,No,Excellent,Low,No,No,28,3,24,0,1,Yes,No,No,Desktop,0.5,2.5,0.0,4.66666666666667,0.5,4.0,0.0,0.166666666666667,0.0,0.0,0.0,0.0,2.0,1.0,1.0,0.0,1.0,1.0
82,,Yes,1996,Journal,Machine Learning,Ensembling,2013,Yes,,Empirical,1,19,15,49,0,No,Yes,Excellent,Low,No,Yes,8,5,3,0,0,Yes,No,Yes,Desktop,0.7894736842105260,2.578947368421050,0.0,0.421052631578947,0.263157894736842,0.157894736842105,0.0,0.0,32.0,54.0,71.0,80.0,101.0,107.0,164.0,258.0,338.0,375.0
83,,Yes,1993,Book,Book,Decision Trees,2013,Yes,,Empirical,1,107,60,30,0,Yes,No,Excellent,High,No,Yes,42,15,3,14,10,Yes,No,Yes,Desktop,0.5607476635514020,0.2803738317757010,0.0,0.392523364485981,0.14018691588785,0.0280373831775701,0.130841121495327,0.0934579439252336,29.0,97.0,191.0,257.0,313.0,425.0,428.0,491.0,527.0,576.0
84,693.0,Yes,2008,Journal,JMLR,Embedding,2013,Yes,,Balance,2,24,39,17,0,Yes,No,Ok,Medium,No,Yes,18,1,16,0,1,No,Yes,Yes,Desktop,1.625,0.708333333333333,0.0,0.75,0.0416666666666667,0.666666666666667,0.0,0.0416666666666667,2.0,41.0,64.0,73.0,105.0,123.0,228.0,466.0,878.0,1621.0
85,282.0,Yes,2012,Journal,JMLR,Deep Learning,2013,No,,Empirical,5,7,19,0,0,Yes,No,Excellent,Low,No,Yes,4,0,2,2,0,No,Yes,Yes,GPU,2.71428571428571,0.0,0.0,0.5714285714285710,0.0,0.285714285714286,0.285714285714286,0.0,17.0,127.0,347.0,557.0,649.0,769.0,904.0,948.0,850.0,592.0
86,,Yes,2011,Conference,AISTATS,Deep Learning,2013,Yes,,Balance,3,9,36,9,0,No,No,Excellent,Low,No,Yes,8,2,5,0,1,No,No,Yes,GPU,4.0,1.0,0.0,0.8888888888888890,0.222222222222222,0.555555555555556,0.0,0.111111111111111,4.0,11.0,34.0,90.0,164.0,342.0,607.0,926.0,1154.0,1160.0
87,,Yes,2013,Conference,ICASSP,Deep Learning,2013,Yes,,Empirical,3,6,16,3,0,No,No,Excellent,Low,No,Yes,2,2,0,0,0,No,Yes,Yes,GPU,2.6666666666666700,0.5,0.0,0.333333333333333,0.333333333333333,0.0,0.0,0.0,9.0,62.0,122.0,120.0,123.0,154.0,193.0,197.0,100.0,2.0
88,,Yes,2007,Conference,NIPS,Deep Learning,2013,Yes,,Empirical,4,8,16,29,0,Yes,Yes,Ok,Low,Yes,Yes,3,2,1,0,0,No,No,No,GPU,2.0,3.625,0.0,0.375,0.25,0.125,0.0,0.0,14.0,14.0,30.0,33.0,44.0,62.0,99.0,188.0,285.0,373.0
89,,Yes,2010,Journal,JMLR,Non-Linear Other,2013,Yes,,Empirical,5,22,36,41,1,Yes,Yes,Good,High,No,Yes,12,11,0,1,0,No,Yes,Yes,Desktop,1.6363636363636400,1.86363636363636,0.0454545454545455,0.545454545454545,0.5,0.0,0.0454545454545455,0.0,2.0,10.0,16.0,20.0,31.0,32.0,40.0,52.0,55.0,50.0
90,194.0,Yes,2013,Journal,JMLR,Topic Modeling,2013,Yes,Yes,Theory,4,44,103,137,0,No,Yes,Low,High,Step-Code,Yes,25,3,18,4,0,No,No,No,Desktop,2.34090909090909,3.11363636363636,0.0,0.568181818181818,0.0681818181818182,0.409090909090909,0.0909090909090909,0.0,36.0,115.0,166.0,195.0,184.0,249.0,308.0,302.0,240.0,0.0
91,,Yes,1992,Workshop,Neural Networks for Signal Processing,Optimization,2013,No,,Empirical,3,11,14,18,0,No,Yes,Excellent,Low,No,No,22,0,20,0,2,Yes,No,Yes,Desktop,1.27272727272727,1.6363636363636400,0.0,2.0,0.0,1.81818181818182,0.0,0.181818181818182,3.0,1.0,5.0,3.0,1.0,3.0,6.0,7.0,0.0,0.0
92,248.0,Yes,2012,Tech Report,Tech Report,Optimization,2013,Yes,,Balance,1,6,7,16,0,No,No,Excellent,Low,Step-Code,Yes,11,2,9,0,0,No,No,Yes,Desktop,1.16666666666667,2.6666666666666700,0.0,1.8333333333333300,0.333333333333333,1.5,0.0,0.0,3.0,7.0,37.0,150.0,514.0,853.0,1048.0,970.0,935.0,532.0
93,248.0,Yes,2011,Journal,JMLR,Optimization,2013,No,,Theory,3,31,44,158,11,Yes,Yes,Good,Low,Yes,Yes,10,4,6,0,0,No,No,Yes,Desktop,1.41935483870968,5.09677419354839,0.354838709677419,0.32258064516129,0.129032258064516,0.193548387096774,0.0,0.0,19.0,31.0,81.0,209.0,417.0,715.0,978.0,1222.0,1375.0,1361.0
94,248.0,Yes,2012,Book,Book,Optimization,2013,No,,Empirical,1,16,28,64,0,No,No,Excellent,Medium,Step-Code,No,6,2,4,0,0,No,No,Yes,Desktop,1.75,4.0,0.0,0.375,0.125,0.25,0.0,0.0,5.0,3.0,23.0,65.0,123.0,144.0,153.0,173.0,192.0,188.0
95,,Yes,1992,Conference,NIPS,Optimization,2013,No,,Empirical,2,8,9,17,0,No,No,Excellent,Low,No,No,21,0,20,0,1,Yes,No,Yes,Desktop,1.125,2.125,0.0,2.625,0.0,2.5,0.0,0.125,4.0,3.0,6.0,0.0,4.0,10.0,8.0,4.0,4.0,3.0
96,,Yes,1991,Tech Report,Tech Report,Search/Retrieval,2013,Yes,,Empirical,1,6,8,6,0,Yes,No,Ok,Medium,Step-Code,No,2,0,0,0,2,Yes,No,No,Desktop,1.33333333333333,1.0,0.0,0.333333333333333,0.0,0.0,0.0,0.333333333333333,0.0,0.0,0.0,0.0,0.0,0.0,0.0,0.0,0.0,0.0
97,1506.0,Yes,1989,Book,Book,Search/Retrieval,2013,Yes,,Empirical,1,22,7,2,0,No,No,Ok,Medium,Yes,No,25,0,17,1,7,Yes,No,No,Desktop,0.3181818181818180,0.0909090909090909,0.0,1.1363636363636400,0.0,0.7727272727272730,0.0454545454545455,0.3181818181818180,0.0,0.0,0.0,0.0,0.0,0.0,0.0,0.0,0.0,0.0
98,28.0,Yes,2003,Conference,ICJNN,Kernel/SVMs,2013,Yes,,Theory,2,21,20,89,0,Yes,Yes,Good,Medium,Step-Code,Yes,6,4,2,0,0,No,No,Yes,Desktop,0.952380952380952,4.23809523809524,0.0,0.285714285714286,0.19047619047619,0.0952380952380952,0.0,0.0,11.0,4.0,0.0,0.0,7.0,3.0,6.0,13.0,13.0,15.0
99,6.0,Yes,2004,Journal,Statistics and Computing,Kernel/SVMs,2013,No,,Theory,2,70,145,249,1,Yes,Yes,Ok,Medium,Yes,Yes,21,7,6,1,7,Yes,No,Yes,Desktop,2.0714285714285700,3.55714285714286,0.0142857142857143,0.3,0.1,0.0857142857142857,0.0142857142857143,0.1,278.0,141.0,179.0,266.0,270.0,387.0,392.0,423.0,430.0,508.0
100,4.0,Yes,2000,Journal,IEEE transactions on neural networks,Kernel/SVMs,2013,No,,Balance,4,6,11,57,0,No,Yes,Ok,Medium,No,Yes,3,0,3,0,0,No,Yes,Yes,Desktop,1.8333333333333300,9.5,0.0,0.5,0.0,0.5,0.0,0.0,1.0,8.0,7.0,9.0,13.0,7.0,19.0,18.0,21.0,34.0
101,,Yes,2006,Journal,JAIR,Decision Trees,2014,Yes,,Empirical,1,13,14,7,0,Yes,No,Excellent,Medium,No,Yes,7,5,2,0,0,Yes,No,Yes,Desktop,1.07692307692308,0.538461538461538,0.0,0.538461538461538,0.384615384615385,0.153846153846154,0.0,0.0,329.0,70.0,72.0,107.0,116.0,125.0,126.0,117.0,114.0,120.0
102,19.0,Yes,2007,Conference,SDM,Concept Drift,2014,Yes,,Balance,2,16,17,15,1,Yes,No,Good,Medium,Yes,Yes,16,12,4,0,0,Yes,Yes,Yes,Desktop,1.0625,0.9375,0.0625,1.0,0.75,0.25,0.0,0.0,7.0,7.0,18.0,24.0,19.0,31.0,46.0,64.0,80.0,86.0
103,0.0,Yes,2013,Conference,ICML,Kernel/SVMs,2014,No,,Theory,5,8,29,64,4,Yes,Yes,Good,Low,Yes,Yes,5,5,0,0,0,No,No,Yes,Desktop,3.625,8.0,0.5,0.625,0.625,0.0,0.0,0.0,3.0,1.0,6.0,2.0,3.0,2.0,0.0,2.0,2.0,0.0
104,,Yes,2009,Tech Report,Tech Report,Concept Drift,2014,Yes,,Empirical,2,12,16,6,0,No,No,Excellent,Medium,Yes,Yes,7,2,5,0,0,Yes,No,Yes,Desktop,1.33333333333333,0.5,0.0,0.583333333333333,0.166666666666667,0.4166666666666670,0.0,0.0,1.0,0.0,0.0,0.0,1.0,6.0,7.0,9.0,2.0,5.0
105,4.0,Yes,2006,Conference,ECML PKDD,Concept Drift,2014,Yes,,Empirical,6,10,15,11,0,No,No,Excellent,Low,No,Yes,15,3,12,0,0,Yes,No,Yes,Desktop,1.5,1.1,0.0,1.5,0.3,1.2,0.0,0.0,0.0,2.0,4.0,12.0,15.0,17.0,24.0,42.0,32.0,53.0
106,4.0,Yes,2004,Conference,Advances in Artificial Intelligence â€“ SBIA,Concept Drift,2014,Yes,,Empirical,4,10,12,7,0,No,No,Excellent,Low,No,Yes,8,2,5,0,1,Yes,No,Yes,Desktop,1.2,0.7,0.0,0.8,0.2,0.5,0.0,0.1,0.0,4.0,6.0,20.0,15.0,28.0,40.0,41.0,49.0,62.0
107,472.0,Yes,2007,Conference,ICML,Optimization,2014,Yes,,Theory,2,8,18,32,3,Yes,Yes,Ok,High,Yes,Yes,8,2,6,0,0,No,No,No,Desktop,2.25,4.0,0.375,1.0,0.25,0.75,0.0,0.0,0.0,15.0,26.0,35.0,40.0,52.0,42.0,51.0,42.0,37.0
108,,Yes,2014,Conference,Distributed Machine Learning and Matrix Computations Worksop,Ensembling,2014,No,,Empirical,2,9,18,12,0,No,No,Excellent,Medium,Yes,Yes,17,3,14,0,0,No,No,Yes,Desktop,2.0,1.33333333333333,0.0,1.88888888888889,0.333333333333333,1.55555555555556,0.0,0.0,0.0,0.0,4.0,1.0,2.0,1.0,0.0,0.0,0.0,0.0
109,5.0,Yes,2012,Conference,JMLR,Optimization,2015,No,,Balance,2,25,34,31,0,No,No,Excellent,Low,No,Yes,40,0,37,2,1,Yes,No,Yes,Desktop,1.36,1.24,0.0,1.6,0.0,1.48,0.08,0.04,27.0,63.0,144.0,162.0,299.0,466.0,704.0,960.0,1168.0,907.0
110,704.0,Yes,2015,Conference,ICML,Search/Retrieval,2015,Yes,Yes,Balance,2,9,21,22,0,No,No,Ok,High,Yes,Yes,11,2,8,0,1,Yes,Yes,Yes,Desktop,2.3333333333333300,2.44444444444444,0.0,1.22222222222222,0.222222222222222,0.8888888888888890,0.0,0.111111111111111,0.0,2.0,0.0,3.0,3.0,0.0,5.0,0.0,0.0,0.0
111,22.0,Yes,2014,Journal,JMLR,Dimension Reduction,2015,Yes,No,Empirical,1,24,67,30,0,No,No,Ok,High,No,Yes,12,0,4,6,2,No,Yes,Yes,Desktop,2.7916666666666700,1.25,0.0,0.5,0.0,0.166666666666667,0.25,0.0833333333333333,2.0,34.0,97.0,161.0,288.0,392.0,342.0,248.0,2.0,0.0
112,69.0,Yes,2000,Journal,Science,Dimension Reduction,2015,Yes,,Empirical,3,4,37,17,0,No,No,Good,Low,Step-Code,Yes,12,0,4,5,3,Yes,No,Yes,Desktop,9.25,4.25,0.0,3.0,0.0,1.0,1.25,0.75,5.0,24.0,85.0,142.0,250.0,317.0,370.0,503.0,534.0,660.0
113,,Yes,2012,Conference,NIPS,Deep Learning,2015,Yes,,Empirical,3,9,26,12,0,No,No,Good,Low,No,Yes,6,2,1,2,1,No,Yes,Yes,GPU,2.88888888888889,1.33333333333333,0.0,0.666666666666667,0.222222222222222,0.111111111111111,0.222222222222222,0.111111111111111,19.0,114.0,642.0,2398.0,5054.0,8592.0,12399.0,15459.0,15620.0,11272.0
114,,Yes,2015,Conference,ICLR,Deep Learning,2015,Yes,,Empirical,2,10,34,7,0,Yes,No,Ok,Low,No,Yes,7,7,0,0,0,No,No,Yes,GPU,3.4,0.7,0.0,0.7,0.7,0.0,0.0,0.0,657.0,2396.0,5417.0,9257.0,12500.0,13570.0,10607.0,36.0,0.0,0.0
115,,Yes,2013,Conference,ICML,Deep Learning,2015,No,,Balance,3,10,25,47,0,Yes,Yes,Excellent,Medium,Step-Code,Yes,9,2,1,0,6,Yes,No,Yes,GPU,2.5,4.7,0.0,0.9,0.2,0.1,0.0,0.6,9.0,41.0,92.0,244.0,462.0,632.0,772.0,708.0,462.0,4.0
116,,Yes,2015,Book,Book,Clustering,2015,Yes,Yes,Balance,2,37,41,94,0,No,No,Good,High,Code-Like,Yes,36,5,29,0,2,No,Yes,Yes,Desktop,1.10810810810811,2.54054054054054,0.0,0.972972972972973,0.135135135135135,0.7837837837837840,0.0,0.0540540540540541,0.0,11.0,7.0,10.0,13.0,7.0,17.0,0.0,0.0,0.0
117,,Yes,2013,Tech Report,Tech Report,Deep Learning,2015,Yes,,Balance,1,43,33,78,0,No,Yes,Good,High,No,Yes,24,4,0,15,5,No,No,Yes,GPU,0.7674418604651160,1.8139534883720900,0.0,0.5581395348837210,0.0930232558139535,0.0,0.348837209302326,0.116279069767442,2.0,32.0,126.0,313.0,435.0,540.0,556.0,546.0,331.0,2.0
118,,Yes,2015,Conference,ICML,Deep Learning,2015,Yes,,Empirical,2,9,24,54,0,No,No,Good,Medium,Yes,Yes,6,2,4,0,0,No,No,Yes,GPU,2.6666666666666700,6.0,0.0,0.666666666666667,0.222222222222222,0.444444444444444,0.0,0.0,141.0,827.0,2388.0,4502.0,6320.0,6529.0,4935.0,21.0,0.0,0.0
119,,Yes,2015,Conference,ICCV,Deep Learning,2015,Yes,,Empirical,4,11,34,49,0,No,Yes,Excellent,Low,No,Yes,36,7,4,25,0,No,Yes,Yes,GPU,3.09090909090909,4.454545454545450,0.0,3.2727272727272700,0.6363636363636360,0.363636363636364,2.2727272727272700,0.0,188.0,551.0,1129.0,1744.0,2424.0,2707.0,2097.0,4.0,0.0,0.0
120,188.0,Yes,2013,Conference,PAKDD,Clustering,2015,No,,Balance,3,13,24,36,1,No,Yes,Ok,High,Step-Code,Yes,3,1,0,0,2,Yes,No,Yes,Desktop,1.84615384615385,2.76923076923077,0.0769230769230769,0.230769230769231,0.0769230769230769,0.0,0.0,0.153846153846154,0.0,6.0,15.0,26.0,67.0,102.0,153.0,201.0,161.0,3.0
121,,Yes,2015,Conference,CVPR,Deep Learning,2016,No,,Empirical,4,9,50,12,0,Yes,No,Excellent,Low,No,Yes,18,8,7,0,3,No,No,Yes,GPU,5.55555555555556,1.33333333333333,0.0,2.0,0.8888888888888890,0.7777777777777780,0.0,0.333333333333333,44.0,1023.0,4511.0,10457.0,17764.0,23367.0,21083.0,58.0,0.0,0.0
122,,Yes,2011,Conference,ICML,Feature Engineering,2016,Yes,,Balance,6,7,13,13,2,Yes,No,Good,Medium,No,Yes,7,2,4,1,0,No,No,Yes,GPU,1.85714285714286,1.85714285714286,0.285714285714286,1.0,0.285714285714286,0.5714285714285710,0.142857142857143,0.0,12.0,20.0,16.0,28.0,43.0,33.0,42.0,41.0,57.0,44.0
123,,Yes,2016,Conference,ICLR,Deep Learning,2016,Yes,,Balance,3,11,35,50,3,Yes,No,Good,Low,No,Yes,21,1,20,0,0,No,Yes,Yes,GPU,3.18181818181818,4.545454545454550,0.272727272727273,1.90909090909091,0.0909090909090909,1.81818181818182,0.0,0.0,113.0,362.0,613.0,755.0,758.0,611.0,2.0,0.0,0.0,0.0
124,,Yes,2010,Conference,CVPR,Deep Learning,2016,No,,Empirical,4,7,31,28,0,No,No,Low,High,Yes,Yes,7,1,1,4,1,No,No,Yes,GPU,4.42857142857143,4.0,0.0,1.0,0.142857142857143,0.142857142857143,0.5714285714285710,0.142857142857143,6.0,9.0,16.0,22.0,40.0,57.0,100.0,152.0,216.0,213.0
125,,Yes,2015,Conference,CVPR,Deep Learning,2016,Yes,,Empirical,3,9,42,14,0,Yes,No,Good,Low,No,Yes,13,5,2,2,4,No,No,Yes,GPU,4.66666666666667,1.55555555555556,0.0,1.44444444444444,0.555555555555556,0.222222222222222,0.222222222222222,0.444444444444444,0.0,0.0,0.0,0.0,0.0,0.0,0.0,0.0,0.0,0.0
126,1.0,Yes,2004,Journal,IEEE Transactions on Information Theory,Search/Retrieval,2016,No,,Balance,5,15,48,132,6,Yes,No,Excellent,Low,No,Yes,5,0,5,0,0,No,No,Yes,Desktop,3.2,8.8,0.4,0.333333333333333,0.0,0.333333333333333,0.0,0.0,35.0,31.0,60.0,61.0,69.0,70.0,93.0,69.0,101.0,104.0
127,,Yes,2009,Conference,ICML,Feature Engineering,2016,No,,Theory,5,7,12,60,5,Yes,Yes,Ok,Low,No,No,3,0,2,0,1,No,No,No,Desktop,1.7142857142857100,8.571428571428570,0.7142857142857140,0.4285714285714290,0.0,0.285714285714286,0.0,0.142857142857143,10.0,16.0,34.0,33.0,59.0,65.0,71.0,78.0,101.0,107.0
128,,Yes,2009,Conference,AISTATS,Feature Engineering,2016,No,,Balance,7,8,20,60,2,No,No,Low,Low,No,Yes,9,4,5,0,0,No,No,No,Desktop,2.5,7.5,0.25,1.125,0.5,0.625,0.0,0.0,6.0,4.0,8.0,11.0,6.0,4.0,5.0,6.0,1.0,4.0
129,457.0,Yes,2013,Conference,ICML,Linear Models,2016,Yes,,Theory,2,9,25,158,7,Yes,Yes,Good,High,Yes,Yes,13,1,12,0,0,No,No,Yes,Desktop,2.77777777777778,17.5555555555556,0.7777777777777780,1.44444444444444,0.111111111111111,1.33333333333333,0.0,0.0,0.0,17.0,43.0,60.0,71.0,66.0,71.0,61.0,15.0,1.0
130,1.0,Yes,2011,Tech Report,Tech Report,Clustering,2016,No,,Balance,1,29,31,76,4,No,No,Good,High,Yes,No,9,5,3,0,1,Yes,No,Yes,Desktop,1.06896551724138,2.62068965517241,0.137931034482759,0.3103448275862070,0.172413793103448,0.103448275862069,0.0,0.0344827586206897,3.0,9.0,9.0,15.0,7.0,20.0,22.0,39.0,64.0,79.0
131,1118.0,Yes,2013,Conference,ICLR,NLP,2016,Yes,,Empirical,4,12,32,16,0,No,No,Ok,High,No,Yes,9,8,0,0,1,No,No,Yes,Desktop,2.6666666666666700,1.33333333333333,0.0,0.75,0.666666666666667,0.0,0.0,0.0833333333333333,40.0,305.0,1004.0,1686.0,2453.0,3441.0,3929.0,4001.0,2673.0,13.0
132,,Yes,2011,Book,Book,Clustering,2016,No,,Balance,2,21,69,45,0,No,No,Good,High,Step-Code,No,2,0,0,0,2,Yes,No,Yes,Desktop,3.28571428571429,2.14285714285714,0.0,0.0952380952380952,0.0,0.0,0.0,0.0952380952380952,0.0,1.0,0.0,7.0,16.0,19.0,10.0,16.0,9.0,14.0
133,,Yes,2015,Journal,JMLR,Feature Engineering,2016,Yes,,Balance,4,27,45,65,0,No,No,Excellent,Low,Code-Like,Yes,13,3,9,1,0,No,Yes,Yes,Desktop,1.6666666666666700,2.40740740740741,0.0,0.481481481481481,0.111111111111111,0.333333333333333,0.037037037037037,0.0,0.0,2.0,1.0,8.0,2.0,7.0,2.0,0.0,0.0,0.0
134,5.0,Yes,2013,Conference,NIPS,Feature Importanace,2016,No,,Theory,4,9,20,42,7,Yes,Yes,Good,Medium,No,Yes,4,2,1,1,0,Yes,No,No,Desktop,2.22222222222222,4.66666666666667,0.7777777777777780,0.444444444444444,0.222222222222222,0.111111111111111,0.111111111111111,0.0,0.0,4.0,14.0,23.0,63.0,93.0,134.0,151.0,86.0,0.0
135,60.0,Yes,2016,Conference,WWW,Dimension Reduction,2016,Yes,,Empirical,4,11,28,29,0,No,No,Good,High,Code-Like,Yes,30,2,27,0,1,No,Yes,Yes,Desktop,2.54545454545455,2.63636363636364,0.0,2.7272727272727300,0.181818181818182,2.45454545454545,0.0,0.0909090909090909,9.0,16.0,48.0,45.0,47.0,48.0,0.0,0.0,0.0,0.0
136,,Yes,1997,Journal,IEEE Transactions on Signal Processing,Deep Learning,2016,No,,Empirical,2,9,17,31,0,No,No,Good,Medium,Step-Code,Yes,9,3,2,0,4,Yes,No,Yes,Desktop,1.88888888888889,3.44444444444444,0.0,1.0,0.333333333333333,0.222222222222222,0.0,0.444444444444444,0.0,5.0,6.0,0.0,2.0,0.0,0.0,3.0,3.0,1.0
137,682.0,Yes,2013,Conference,ICML,Search/Retrieval,2016,Yes,Yes,Balance,6,9,21,98,0,No,Yes,Low,High,Yes,Yes,1,0,0,0,1,No,No,Yes,Desktop,2.3333333333333300,10.8888888888889,0.0,0.111111111111111,0.0,0.0,0.0,0.111111111111111,2.0,2.0,5.0,0.0,7.0,3.0,4.0,0.0,4.0,0.0
138,,Yes,2002,Conference,KDD,Other,2016,No,,Empirical,2,6,25,45,0,No,No,Good,Medium,No,Yes,15,5,10,0,0,No,No,Yes,Desktop,4.16666666666667,7.5,0.0,2.5,0.833333333333333,1.6666666666666700,0.0,0.0,3.0,4.0,9.0,19.0,16.0,27.0,32.0,26.0,25.0,18.0
139,1027.0,Yes,2016,Conference,ICML,Search/Retrieval,2016,Yes,,Theory,2,9,26,72,7,Yes,Yes,Low,High,Code-Like,Yes,6,0,3,0,3,No,No,Yes,Desktop,2.88888888888889,8.0,0.7777777777777780,0.666666666666667,0.0,0.333333333333333,0.0,0.333333333333333,0.0,3.0,5.0,2.0,5.0,3.0,0.0,0.0,0.0,0.0
140,,Yes,2016,Conference,ICLR,Deep Learning,2016,No,,Empirical,5,11,33,11,0,Yes,No,Excellent,Low,No,Yes,15,5,8,1,1,Yes,No,Yes,GPU,3.0,1.0,0.0,1.3636363636363600,0.454545454545455,0.7272727272727270,0.0909090909090909,0.0909090909090909,10.0,33.0,39.0,56.0,71.0,40.0,0.0,0.0,0.0,0.0
141,,Yes,2016,Conference,AAAI,Deep Learning,2015,No,,Empirical,4,9,45,36,0,No,No,Excellent,Low,No,Yes,10,8,0,1,1,No,No,Yes,GPU,5.0,4.0,0.0,1.11111111111111,0.8888888888888890,0.0,0.111111111111111,0.111111111111111,129.0,250.0,313.0,310.0,234.0,116.0,1.0,0.0,0.0,0.0
142,162.0,Yes,2014,Conference,NIPS,Non-Linear Other,2016,Yes,,Balance,6,9,20,49,1,Yes,Yes,Good,Medium,Yes,Yes,4,1,1,0,2,No,No,Yes,Desktop,2.22222222222222,5.44444444444444,0.111111111111111,0.444444444444444,0.111111111111111,0.111111111111111,0.0,0.222222222222222,2.0,1.0,3.0,7.0,1.0,6.0,4.0,5.0,0.0,0.0
143,588.0,Yes,2008,Conference,ICDM,Outlier Detection,2016,No,,Empirical,3,10,14,24,0,No,Yes,Good,Medium,Yes,Yes,14,3,8,0,3,Yes,Yes,Yes,Desktop,1.4,2.4,0.0,1.4,0.3,0.8,0.0,0.3,0.0,1.0,10.0,14.0,16.0,11.0,12.0,19.0,34.0,93.0
144,52.0,Yes,2014,Conference,ICML,Kernel/SVMs,2016,Yes,Yes,Balance,3,9,28,54,4,Yes,Yes,Ok,High,Yes,Yes,24,4,20,0,0,No,Yes,Yes,Desktop,3.11111111111111,6.0,0.444444444444444,2.6666666666666700,0.444444444444444,2.22222222222222,0.0,0.0,1.0,16.0,19.0,26.0,23.0,15.0,15.0,7.0,1.0,0.0
145,,Yes,2000,Conference,AAAI,Graph Classification,2016,No,,Empirical,2,8,16,0,0,No,No,Excellent,Medium,Yes,Yes,8,2,4,1,1,Yes,No,No,Desktop,2.0,0.0,0.0,1.0,0.25,0.5,0.125,0.125,0.0,3.0,5.0,16.0,8.0,16.0,15.0,29.0,11.0,19.0
146,,Yes,2016,Journal,Machine Learning,Online Classification,2016,Yes,,Balance,3,38,51,161,11,Yes,Yes,Excellent,Low,Yes,Yes,37,8,29,0,0,No,Yes,Yes,Desktop,1.3421052631578900,4.23684210526316,0.289473684210526,0.9736842105263160,0.2105263157894740,0.763157894736842,0.0,0.0,1.0,4.0,3.0,6.0,6.0,7.0,0.0,0.0,0.0,0.0
147,,Yes,2014,Conference,NIPS,Deep Learning,2016,Yes,,Balance,8,9,29,36,3,No,Yes,Good,High,Yes,Yes,11,2,0,5,4,Yes,No,No,GPU,3.22222222222222,4.0,0.333333333333333,1.22222222222222,0.222222222222222,0.0,0.555555555555556,0.444444444444444,14.0,45.0,264.0,1385.0,3734.0,6473.0,7845.0,5515.0,16.0,0.0
148,44.0,Yes,1997,Conference,Proceedings of the Compression and Complexity of Sequences,Search/Retrieval,2016,No,,Theory,1,9,10,59,1,No,Yes,Good,Low,No,No,0,0,0,0,0,Yes,No,Yes,Desktop,1.11111111111111,6.55555555555556,0.111111111111111,0.0,0.0,0.0,0.0,0.0,3.0,11.0,5.0,18.0,11.0,9.0,36.0,28.0,31.0,58.0
149,,Yes,2016,Journal,JMLR,Deep Learning,2016,No,,Theory,8,35,62,100,0,No,Yes,Excellent,Low,No,Yes,36,5,18,4,9,Yes,No,Yes,GPU,1.7714285714285700,2.85714285714286,0.0,1.02857142857143,0.142857142857143,0.5142857142857140,0.114285714285714,0.2571428571428570,68.0,256.0,504.0,835.0,1133.0,989.0,2.0,0.0,0.0,0.0
150,185.0,Yes,2016,Conference,SDM,Clustering,2016,Yes,Yes,Balance,2,9,13,80,3,No,Yes,Good,Medium,Yes,Yes,7,3,2,0,2,Yes,Yes,Yes,Desktop,1.44444444444444,8.888888888888890,0.333333333333333,0.7777777777777780,0.333333333333333,0.222222222222222,0.0,0.222222222222222,0.0,2.0,0.0,0.0,4.0,3.0,0.0,0.0,0.0,0.0
151,,Yes,2016,Conference,ICLR,Optimization,2017,Yes,,Empirical,7,11,41,2,0,No,No,Excellent,Low,No,Yes,10,6,2,2,0,No,No,Yes,GPU,3.7272727272727300,0.181818181818182,0.0,0.9090909090909090,0.545454545454545,0.181818181818182,0.181818181818182,0.0,36.0,58.0,55.0,71.0,81.0,47.0,0.0,0.0,0.0,0.0
152,,Yes,2000,Journal,International Journal of Computer Vision,Search/Retrieval,2017,Yes,,Balance,3,22,39,31,3,Yes,No,Ok,High,No,No,17,0,8,8,1,Yes,Yes,Yes,Desktop,1.77272727272727,1.40909090909091,0.136363636363636,0.7727272727272730,0.0,0.363636363636364,0.363636363636364,0.0454545454545455,0.0,1.0,12.0,28.0,53.0,74.0,98.0,147.0,159.0,181.0
153,99.0,Yes,2005,Conference,International Conference on Advances in Intelligent Computing,Class Imbalance,2017,No,,Empirical,3,10,25,9,0,No,No,Good,Medium,No,Yes,13,2,8,0,3,Yes,No,Yes,Desktop,2.5,0.9,0.0,1.3,0.2,0.8,0.0,0.3,0.0,0.0,10.0,18.0,26.0,21.0,34.0,52.0,52.0,85.0
154,265.0,Yes,2017,Conference,AISTATS,Clustering,2017,Yes,Yes,Balance,2,9,15,59,10,Yes,No,Good,Low,Yes,Yes,6,2,2,0,2,No,No,No,Desktop,1.6666666666666700,6.55555555555556,1.11111111111111,0.666666666666667,0.222222222222222,0.222222222222222,0.0,0.222222222222222,1.0,0.0,1.0,4.0,1.0,0.0,0.0,0.0,0.0,0.0
155,,Yes,2015,Conference,ICML,Parallel Learning,2017,Yes,,Balance,3,10,29,53,10,Yes,Yes,Ok,Medium,Yes,Yes,15,3,12,0,0,No,Yes,Yes,Server,2.9,5.3,1.0,1.5,0.3,1.2,0.0,0.0,8.0,25.0,20.0,14.0,9.0,12.0,10.0,0.0,0.0,0.0
156,,Yes,2011,Conference,NIPS,Parallel Learning,2017,Yes,,Balance,4,6,27,40,1,Yes,No,Low,Low,No,Yes,7,1,6,0,0,No,Yes,Yes,Server,4.5,6.66666666666667,0.166666666666667,1.16666666666667,0.166666666666667,1.0,0.0,0.0,4.0,17.0,49.0,101.0,196.0,219.0,271.0,290.0,314.0,281.0
157,,Yes,2010,Conference,ICDM,Search/Retrieval,2017,No,Yes,Theory,1,10,13,176,2,No,Yes,Good,Medium,Yes,No,4,0,3,0,1,No,No,Yes,Desktop,1.3,17.6,0.2,0.4,0.0,0.3,0.0,0.1,1.0,1.0,1.0,1.0,9.0,11.0,22.0,18.0,29.0,25.0
158,,Yes,2016,Conference,NIPS,Deep Learning,2016,No,,Theory,2,9,30,39,0,No,No,Good,High,No,Yes,9,1,7,0,1,No,No,Yes,GPU,3.3333333333333300,4.33333333333333,0.0,1.0,0.111111111111111,0.7777777777777780,0.0,0.111111111111111,30.0,164.0,316.0,309.0,245.0,140.0,2.0,0.0,0.0,0.0
159,,Yes,2017,Conference,NIPS,Deep Learning,2017,Yes,,Theory,3,10,23,59,15,Yes,Yes,Ok,Low,Yes,Yes,18,0,13,2,3,Yes,No,No,GPU,2.3,5.9,1.5,1.8,0.0,1.3,0.2,0.3,5.0,55.0,85.0,88.0,68.0,0.0,0.0,0.0,0.0,0.0
160,,Yes,2017,Conference,CCS,Other,2017,Yes,,Empirical,2,12,41,50,0,No,Yes,Good,Low,No,Yes,3,0,2,1,0,No,No,Yes,GPU,3.4166666666666700,4.16666666666667,0.0,0.25,0.0,0.166666666666667,0.0833333333333333,0.0,24.0,193.0,268.0,356.0,275.0,2.0,0.0,0.0,0.0,0.0
161,3.0,Yes,2000,Conference,UAI,Search/Retrieval,2017,No,,Theory,1,9,20,33,0,No,Yes,Good,High,No,No,13,3,0,0,10,Yes,No,Yes,Desktop,2.22222222222222,3.6666666666666700,0.0,1.44444444444444,0.333333333333333,0.0,0.0,1.11111111111111,2.0,0.0,0.0,10.0,10.0,11.0,11.0,11.0,6.0,8.0
162,,No,2003,Journal,JMLR,Topic Modeling,2012,Yes,No,Theory,3,25,32,27,0,Yes,No,Ok,High,No,Yes,14,0,3,7,4,No,No,Yes,Desktop,1.28,1.08,0.0,0.56,0.0,0.12,0.28,0.16,62.0,54.0,123.0,170.0,278.0,423.0,711.0,901.0,1230.0,1538.0
163,,No,2010,Journal,Statistical Analysis and Data Mining,Search/Retrieval,2012,No,No,Theory,2,14,18,34,1,No,No,Low,High,Step-Code,No,38,2,33,0,3,Yes,No,Yes,Desktop,1.28571428571429,2.42857142857143,0.0714285714285714,2.71428571428571,0.142857142857143,2.35714285714286,0.0,0.214285714285714,0.0,3.0,2.0,5.0,1.0,3.0,0.0,3.0,1.0,0.0
164,,No,2006,Conference,ICML,Search/Retrieval,2012,Yes,No,Theory,3,8,17,57,10,Yes,Yes,Low,High,Yes,Yes,5,0,5,0,0,No,No,Yes,Desktop,2.125,7.125,1.25,0.625,0.0,0.625,0.0,0.0,22.0,24.0,23.0,44.0,26.0,44.0,52.0,55.0,67.0,53.0
165,,No,2006,Conference,FOCS,Search/Retrieval,2012,Yes,No,Theory,2,8,32,34,5,Yes,Yes,Good,Medium,Step-Code,,1,1,0,0,0,No,No,No,Desktop,4.0,4.25,0.625,0.125,0.125,0.0,0.0,0.0,0.0,8.0,30.0,29.0,49.0,50.0,62.0,66.0,109.0,97.0
166,,No,1995,Conference,VLDB,Search/Retrieval,2012,No,,Balance,1,11,9,16,0,No,No,Low,Medium,Step-Code,No,12,0,10,0,2,No,No,Yes,Desktop,0.818181818181818,1.45454545454545,0.0,1.09090909090909,0.0,0.9090909090909090,0.0,0.181818181818182,0.0,0.0,11.0,12.0,12.0,18.0,17.0,23.0,30.0,38.0
167,,No,2004,Conference,CPR,Search/Retrieval,2012,No,,Empirical,2,4,17,0,0,No,No,Low,Low,Step-Code,No,6,2,4,0,0,No,No,Partial,Desktop,4.25,0.0,0.0,1.5,0.5,1.0,0.0,0.0,0.0,0.0,0.0,0.0,0.0,0.0,0.0,0.0,0.0,0.0
168,,No,2008,Journal,Neural Networks,Kernel/SVMs,2012,No,,Theory,4,13,27,70,4,No,Yes,Low,High,No,Yes,14,2,2,1,9,Yes,No,No,Desktop,2.07692307692308,5.38461538461538,0.307692307692308,1.07692307692308,0.153846153846154,0.153846153846154,0.0769230769230769,0.6923076923076920,0.0,10.0,5.0,10.0,1.0,5.0,8.0,1.0,0.0,4.0
169,,No,2007,Journal,Neural Networks,Kernel/SVMs,2012,No,,Theory,3,13,35,45,1,No,Yes,Low,Medium,Step-Code,Yes,25,19,6,0,0,No,No,Yes,Desktop,2.69230769230769,3.4615384615384600,0.0769230769230769,1.92307692307692,1.46153846153846,0.461538461538462,0.0,0.0,3.0,2.0,10.0,17.0,16.0,14.0,11.0,17.0,17.0,10.0
170,,No,2000,Journal,International Journal of Intelligent Systems,Feature Engineering,2012,No,,Empirical,2,32,23,13,2,No,No,Ok,Low,Code-Like,Yes,28,7,11,10,0,No,No,Yes,Desktop,0.71875,0.40625,0.0625,0.875,0.21875,0.34375,0.3125,0.0,0.0,0.0,0.0,0.0,1.0,1.0,0.0,0.0,3.0,1.0
171,,No,2001,Journal,Machine Learning,Ensembling,2012,Yes,,Theory,1,22,13,50,4,Yes,Yes,Low,High,Yes,Yes,1,0,0,0,1,No,No,No,Desktop,0.590909090909091,2.2727272727272700,0.181818181818182,0.0454545454545455,0.0,0.0,0.0,0.0454545454545455,11.0,6.0,5.0,3.0,4.0,8.0,9.0,7.0,10.0,8.0
172,,No,2004,Journal,Pattern Recognition and Artificial Intelligence,Ensembling,2012,No,,Balance,3,31,25,25,1,Yes,No,Ok,Medium,Step-Code,Yes,8,5,2,0,1,Yes,No,Yes,Desktop,0.806451612903226,0.806451612903226,0.032258064516129,0.258064516129032,0.161290322580645,0.0645161290322581,0.0,0.032258064516129,2.0,1.0,1.0,0.0,0.0,0.0,0.0,0.0,0.0,0.0
173,,No,2000,Journal,Machine Learning,Ensembling,2012,Yes,No,Balance,1,29,26,5,0,Yes,No,Ok,Medium,Step-Code,Yes,24,24,0,0,0,No,No,Yes,Desktop,0.8965517241379310,0.172413793103448,0.0,0.827586206896552,0.827586206896552,0.0,0.0,0.0,0.0,0.0,4.0,14.0,11.0,21.0,31.0,41.0,27.0,45.0
174,,No,2006,Conference,European Conference on Artificial Intelligence,Ensembling,2012,No,,Theory,2,7,21,23,3,No,No,Good,Low,No,Yes,26,1,25,0,0,No,No,Yes,Desktop,3.0,3.28571428571429,0.4285714285714290,3.71428571428571,0.142857142857143,3.5714285714285700,0.0,0.0,3.0,0.0,6.0,3.0,4.0,5.0,3.0,0.0,1.0,5.0
175,,No,2002,Conference,NIPS,Ensembling,2012,No,,Balance,4,8,21,22,0,No,No,Ok,Medium,Yes,No,3,0,1,2,0,No,No,Yes,Desktop,2.625,2.75,0.0,0.375,0.0,0.125,0.25,0.0,4.0,2.0,11.0,9.0,9.0,0.0,4.0,7.0,8.0,7.0
176,,No,2003,Journal,Proceedings of the National Academy of Sciences of the United States of America,Dimension Reduction,2012,Yes,,Theory,2,6,6,18,4,Yes,No,Low,Medium,Step-Code,Yes,4,0,4,0,0,Yes,No,Yes,Desktop,1.0,3.0,0.666666666666667,0.666666666666667,0.0,0.666666666666667,0.0,0.0,2.0,20.0,46.0,55.0,84.0,83.0,87.0,87.0,110.0,101.0
177,,No,2000,Journal,Science,Dimension Reduction,2012,Yes,,Empirical,2,4,15,5,0,No,No,Low,Medium,No,No,5,0,2,1,2,Yes,No,Partial,Desktop,3.75,1.25,0.0,1.25,0.0,0.5,0.25,0.5,7.0,27.0,85.0,134.0,200.0,300.0,405.0,524.0,524.0,677.0
178,,No,2006,Conference,NIPS,Dimension Reduction,2012,Yes,,Theory,2,8,11,46,2,No,Yes,Low,Medium,Step-Code,Yes,11,0,10,0,1,Yes,No,Yes,Desktop,1.375,5.75,0.25,1.375,0.0,1.25,0.0,0.125,0.0,1.0,4.0,3.0,2.0,5.0,5.0,0.0,1.0,1.0
179,,No,1991,Journal,Royal Statistical Society. Series B (Methodological),Other,2012,No,,Theory,2,8,6,23,0,No,Yes,Low,Low,No,No,2,0,1,1,0,No,No,Yes,Desktop,0.75,2.875,0.0,0.25,0.0,0.125,0.125,0.0,8.0,10.0,10.0,9.0,28.0,15.0,25.0,15.0,22.0,25.0
180,,No,2006,Journal,Variational learning for Gaussian mixture models.,Clustering,2012,No,,Theory,2,14,46,46,0,No,Yes,Low,High,No,No,19,2,10,6,1,Yes,No,No,Desktop,3.28571428571429,3.28571428571429,0.0,1.35714285714286,0.142857142857143,0.7142857142857140,0.4285714285714290,0.0714285714285714,1.0,6.0,4.0,12.0,5.0,7.0,14.0,8.0,9.0,6.0
181,,No,2003,Conference,PACKDD,Clustering,2012,No,,Empirical,5,12,10,4,0,No,No,Low,Medium,Code-Like,No,11,0,0,8,3,Yes,No,Yes,Desktop,0.833333333333333,0.333333333333333,0.0,0.916666666666667,0.0,0.0,0.666666666666667,0.25,1.0,6.0,6.0,1.0,7.0,0.0,3.0,6.0,4.0,5.0
182,,No,2000,Conference,KDD,Classification,2012,Yes,,Balance,2,10,24,19,2,No,No,Ok,Medium,Yes,Yes,7,0,7,0,0,No,No,Yes,Desktop,2.4,1.9,0.2,0.7,0.0,0.7,0.0,0.0,0.0,18.0,33.0,37.0,47.0,57.0,61.0,66.0,62.0,91.0
183,,No,2002,Conference,KDD,Classification,2012,Yes,,Theory,2,7,17,20,0,No,No,Low,High,Yes,Yes,2,2,0,0,0,No,No,Yes,Desktop,2.42857142857143,2.85714285714286,0.0,0.285714285714286,0.285714285714286,0.0,0.0,0.0,1.0,7.0,6.0,7.0,7.0,9.0,6.0,6.0,9.0,1.0
184,,No,2001,Journal,JMLR,Bayesian,2012,Yes,,Theory,3,37,58,72,4,Yes,Yes,Ok,High,Yes,Yes,16,1,9,3,3,Yes,No,Yes,Desktop,1.5675675675675700,1.9459459459459500,0.108108108108108,0.432432432432432,0.027027027027027,0.243243243243243,0.0810810810810811,0.0810810810810811,0.0,7.0,14.0,15.0,11.0,20.0,21.0,16.0,14.0,8.0
185,,No,1997,Journal,Machine Learning,Bayesian,2012,No,,Empirical,3,29,42,18,2,Yes,Yes,Low,High,Step-Code,Yes,16,4,10,1,1,No,No,No,Desktop,1.44827586206897,0.6206896551724140,0.0689655172413793,0.5517241379310340,0.137931034482759,0.3448275862068970,0.0344827586206897,0.0344827586206897,0.0,0.0,1.0,1.0,1.0,73.0,89.0,124.0,158.0,167.0
186,,No,2000,Journal,Machine Learning,Bayesian,2012,Yes,,Empirical,2,35,47,6,0,No,No,Ok,Medium,Code-Like,Yes,12,6,6,0,0,No,No,Yes,Desktop,1.34285714285714,0.1714285714285710,0.0,0.3428571428571430,0.1714285714285710,0.1714285714285710,0.0,0.0,0.0,0.0,2.0,7.0,9.0,15.0,10.0,19.0,19.0,22.0
187,,No,2008,Conference,ICML,Bayesian,2012,Yes,,Empirical,4,8,9,11,0,No,No,Low,Low,Step-Code,Yes,21,3,17,1,0,No,Yes,Yes,Desktop,1.125,1.375,0.0,2.625,0.375,2.125,0.125,0.0,0.0,9.0,13.0,6.0,14.0,16.0,16.0,15.0,15.0,12.0
188,,No,2004,Journal,Machine Learning,Outlier Detection,2013,Yes,,Theory,2,22,29,52,0,No,No,Low,Medium,No,Yes,23,4,8,0,11,Yes,No,No,Desktop,1.31818181818182,2.36363636363636,0.0,1.04545454545455,0.181818181818182,0.363636363636364,0.0,0.5,10.0,20.0,16.0,32.0,47.0,74.0,69.0,94.0,90.0,119.0
189,,No,1999,Conference,NIPS,Outlier Detection,2013,No,No,Theory,5,7,9,29,4,No,No,Low,Medium,No,Yes,5,0,0,1,4,Yes,Yes,Yes,Desktop,1.28571428571429,4.142857142857140,0.5714285714285710,0.7142857142857140,0.0,0.0,0.142857142857143,0.5714285714285710,1.0,2.0,1.0,2.0,15.0,15.0,26.0,36.0,25.0,26.0
190,,No,2013,Journal,JMLR,Optimization,2013,Yes,,Balance,3,14,22,33,2,Yes,Yes,Low,Medium,Step-Code,Yes,28,3,24,0,1,Yes,No,Yes,GPU,1.57142857142857,2.35714285714286,0.142857142857143,2.0,0.214285714285714,1.7142857142857100,0.0,0.0714285714285714,26.0,28.0,32.0,48.0,55.0,51.0,55.0,53.0,34.0,0.0
191,,No,2010,Conference,NIPS,Online Classification,2013,No,,Theory,2,9,14,35,2,No,Yes,Low,Low,Yes,Yes,15,0,8,3,4,No,No,No,Desktop,1.55555555555556,3.88888888888889,0.222222222222222,1.6666666666666700,0.0,0.8888888888888890,0.333333333333333,0.444444444444444,0.0,1.0,4.0,5.0,2.0,4.0,12.0,4.0,5.0,0.0
192,,No,2009,Journal,JMLR,Linear Models,2013,Yes,,Theory,3,17,15,58,2,Yes,No,Low,Low,Step-Code,Yes,3,1,2,0,0,No,No,Yes,Desktop,0.882352941176471,3.41176470588235,0.117647058823529,0.1764705882352940,0.0588235294117647,0.117647058823529,0.0,0.0,17.0,28.0,31.0,37.0,49.0,34.0,43.0,38.0,41.0,41.0
193,,No,2008,Journal,JMLR,Linear Models,2013,No,,Theory,2,27,27,28,2,Yes,No,Low,Medium,Step-Code,No,14,6,5,2,1,No,No,Yes,Desktop,1.0,1.03703703703704,0.0740740740740741,0.5185185185185190,0.222222222222222,0.185185185185185,0.0740740740740741,0.037037037037037,11.0,2.0,5.0,3.0,4.0,2.0,2.0,7.0,0.0,4.0
194,,No,2010,Conference,SDM,Linear Models,2013,Yes,,Theory,5,10,30,78,4,No,Yes,Ok,Medium,Yes,Yes,4,2,2,0,0,No,Yes,Yes,Desktop,3.0,7.8,0.4,0.4,0.2,0.2,0.0,0.0,0.0,3.0,0.0,0.0,8.0,3.0,0.0,2.0,1.0,0.0
195,,No,2000,Conference,Humanoid Robots,Linear Models,2013,Yes,,Balance,2,7,12,13,0,No,Yes,Low,Medium,Step-Code,No,6,0,3,2,1,No,No,No,Desktop,1.7142857142857100,1.85714285714286,0.0,0.857142857142857,0.0,0.4285714285714290,0.285714285714286,0.142857142857143,0.0,2.0,1.0,3.0,0.0,2.0,0.0,3.0,0.0,3.0
196,,No,2005,Journal,JMLR,Kernel/SVMs,2013,Yes,,Balance,3,30,57,49,2,No,Yes,Low,High,Step-Code,Yes,24,4,18,1,1,Yes,Yes,Yes,Desktop,1.9,1.6333333333333300,0.0666666666666667,0.8,0.133333333333333,0.6,0.0333333333333333,0.0333333333333333,2.0,26.0,36.0,42.0,48.0,59.0,54.0,49.0,72.0,80.0
197,,No,2005,Journal,Applied Stochastic Models in Business and Industry - Statistical Learning,Kernel/SVMs,2013,Yes,,Theory,3,29,45,135,0,No,Yes,Good,Medium,No,Yes,9,2,3,0,4,Yes,No,Yes,Desktop,1.55172413793103,4.6551724137931,0.0,0.3103448275862070,0.0689655172413793,0.103448275862069,0.0,0.137931034482759,44.0,24.0,20.0,22.0,27.0,38.0,20.0,20.0,16.0,17.0
198,,No,1995,Journal,Machine Learning,Kernel/SVMs,2013,No,,Theory,2,25,14,61,0,Yes,No,Low,Medium,No,Yes,13,3,1,3,6,Yes,No,No,Desktop,0.56,2.44,0.0,0.52,0.12,0.04,0.12,0.24,0.0,0.0,0.0,0.0,4.0,0.0,0.0,194.0,270.0,378.0
199,,No,1999,Journal,Neural processing letters,Kernel/SVMs,2013,Yes,,Theory,2,6,0,30,0,No,No,Low,Low,No,Yes,1,0,1,0,0,No,No,No,Desktop,0.0,5.0,0.0,0.166666666666667,0.0,0.166666666666667,0.0,0.0,0.0,0.0,0.0,13.0,45.0,77.0,103.0,142.0,171.0,244.0
200,,No,2007,Conference,ICML,Kernel/SVMs,2013,Yes,No,Balance,3,8,16,42,4,No,Yes,Low,High,Yes,Yes,23,4,18,0,1,No,No,Yes,Desktop,2.0,5.25,0.5,2.875,0.5,2.25,0.0,0.125,0.0,0.0,0.0,0.0,0.0,0.0,0.0,0.0,0.0,0.0
201,,No,2005,Conference,NIPS,Kernel/SVMs,2013,No,No,Theory,5,8,12,13,4,No,No,Low,Low,No,Yes,9,2,4,0,3,No,No,Yes,Desktop,1.5,1.625,0.5,1.125,0.25,0.5,0.0,0.375,5.0,29.0,16.0,17.0,21.0,31.0,31.0,32.0,29.0,40.0
202,,No,2009,Conference,ICDM,Kernel/SVMs,2013,No,,Theory,3,8,24,35,3,Yes,No,Good,Low,Yes,Yes,7,2,4,0,1,No,No,Partial,Desktop,3.0,4.375,0.375,0.875,0.25,0.5,0.0,0.125,0.0,2.0,1.0,1.0,0.0,1.0,0.0,2.0,1.0,2.0
203,,No,2004,Conference,NIPS,Kernel/SVMs,2013,No,,Theory,4,8,30,33,1,No,Yes,Low,High,Step-Code,Yes,6,2,4,0,0,No,No,No,Desktop,3.75,4.125,0.125,0.75,0.25,0.5,0.0,0.0,18.0,17.0,30.0,45.0,47.0,49.0,67.0,52.0,62.0,58.0
204,,No,2009,Conference,ICDM,Kernel/SVMs,2013,No,No,Empirical,3,10,30,26,0,Yes,No,Low,High,Yes,No,9,2,6,0,1,No,Yes,Yes,Cluster,3.0,2.6,0.0,0.9,0.2,0.6,0.0,0.1,1.0,6.0,7.0,6.0,7.0,7.0,3.0,3.0,6.0,9.0
205,,No,2007,Conference,NIPS,Kernel/SVMs,2013,No,,Balance,7,8,18,25,0,No,Yes,Ok,High,Yes,Yes,11,2,9,0,0,No,No,Yes,500 CPUs,2.25,3.125,0.0,1.375,0.25,1.125,0.0,0.0,0.0,0.0,7.0,10.0,16.0,9.0,14.0,21.0,18.0,9.0
206,,No,2001,Conference,NIPS,Kernel/SVMs,2013,Yes,,Theory,2,8,13,25,0,No,Yes,Ok,Low,Step-Code,Yes,8,0,3,0,5,No,No,No,Desktop,1.625,3.125,0.0,1.0,0.0,0.375,0.0,0.625,11.0,19.0,21.0,27.0,27.0,53.0,55.0,67.0,79.0,79.0
207,,No,1999,Book,Book,Kernel/SVMs,2013,Yes,,Balance,1,16,11,41,0,Yes,Yes,Low,Medium,No,Yes,8,4,4,0,0,No,Yes,Yes,Desktop,0.6875,2.5625,0.0,0.5,0.25,0.25,0.0,0.0,5.0,12.0,23.0,26.0,42.0,65.0,87.0,108.0,99.0,161.0
208,,No,2000,Conference,ICML,Embedding,2013,Yes,,Balance,2,8,17,11,0,No,No,Low,Medium,Step-Code,No,11,0,9,1,1,Yes,No,No,Desktop,2.125,1.375,0.0,1.375,0.0,1.125,0.125,0.125,4.0,5.0,4.0,6.0,14.0,11.0,4.0,8.0,7.0,14.0
209,,No,2006,Conference,AAAI,Decision Trees,2013,Yes,,Empirical,2,6,16,17,0,No,No,Low,Medium,Step-Code,Yes,6,4,1,1,0,No,Yes,No,Desktop,2.6666666666666700,2.8333333333333300,0.0,1.0,0.666666666666667,0.166666666666667,0.166666666666667,0.0,0.0,0.0,2.0,5.0,1.0,2.0,11.0,10.0,17.0,11.0
210,,No,2006,Conference,CVPR,Other,2013,Yes,,Empirical,4,8,14,0,0,No,No,Low,Low,Step-Code,No,12,1,8,3,0,No,No,Partial,Desktop,1.75,0.0,0.0,1.5,0.125,1.0,0.375,0.0,1.0,33.0,70.0,87.0,116.0,135.0,139.0,151.0,163.0,128.0
211,,No,2005,Conference,ICML,Clustering,2013,Yes,,Theory,2,8,19,49,3,Yes,Yes,Low,Medium,Step-Code,Yes,4,1,1,1,1,Yes,No,No,Desktop,2.375,6.125,0.375,0.5,0.125,0.125,0.125,0.125,0.0,5.0,18.0,5.0,12.0,15.0,29.0,31.0,18.0,23.0
212,,No,2005,Journal,Journal of Computational and Graphical Statistics,Bayesian,2013,Yes,,Theory,2,18,32,61,4,Yes,Yes,Ok,Medium,Step-Code,Yes,15,3,8,4,0,Yes,No,Yes,Desktop,1.77777777777778,3.38888888888889,0.222222222222222,0.833333333333333,0.166666666666667,0.444444444444444,0.222222222222222,0.0,49.0,32.0,39.0,14.0,32.0,24.0,28.0,37.0,43.0,22.0
213,,No,2003,Conference,AAAI,Bayesian,2013,Yes,No,Theory,2,13,12,34,0,Yes,Yes,Low,High,Step-Code,Yes,8,0,8,0,0,No,No,Yes,Desktop,0.923076923076923,2.6153846153846200,0.0,0.615384615384615,0.0,0.615384615384615,0.0,0.0,9.0,8.0,15.0,14.0,29.0,32.0,41.0,40.0,67.0,66.0
214,,No,2012,Conference,EMNLP,Topic Modeling,2014,Yes,,Balance,2,16,20,48,3,No,Yes,Ok,High,Yes,Yes,38,1,34,3,0,No,Yes,No,Cluster,1.25,3.0,0.1875,2.375,0.0625,2.125,0.1875,0.0,1.0,2.0,5.0,7.0,3.0,3.0,7.0,6.0,1.0,2.0
215,,No,2012,Conference,ICML,Topic Modeling,2014,No,,Balance,3,8,18,30,0,Yes,No,Low,High,Step-Code,Yes,9,1,8,0,0,No,No,Yes,Desktop,2.25,3.75,0.0,1.125,0.125,1.0,0.0,0.0,12.0,13.0,23.0,30.0,24.0,15.0,8.0,5.0,7.0,1.0
216,,No,2007,Conference,KDD,Optimization,2014,No,,Theory,4,10,43,79,5,Yes,No,Ok,Medium,Step-Code,Yes,31,3,26,1,1,No,Yes,Yes,Cluster,4.3,7.9,0.5,3.1,0.3,2.6,0.1,0.1,6.0,11.0,30.0,18.0,15.0,15.0,17.0,11.0,11.0,10.0
217,,No,2010,Conference,NIPS,Online Classification,2014,No,,Theory,2,9,18,60,3,Yes,Yes,Low,Low,Yes,Yes,13,0,13,0,0,Yes,No,No,Desktop,2.0,6.66666666666667,0.333333333333333,1.44444444444444,0.0,1.44444444444444,0.0,0.0,0.0,0.0,6.0,6.0,4.0,2.0,8.0,4.0,2.0,4.0
218,,No,2008,Conference,EMNLP,Online Classification,2014,Yes,,Theory,3,9,14,49,0,No,No,Low,Low,Yes,Yes,8,3,5,0,0,No,No,Yes,Desktop,1.55555555555556,5.44444444444444,0.0,0.8888888888888890,0.333333333333333,0.555555555555556,0.0,0.0,0.0,0.0,10.0,10.0,12.0,9.0,10.0,0.0,8.0,6.0
219,,No,2013,Conference,ACML,Non-Linear Other,2014,No,,Balance,3,16,28,32,1,Yes,Yes,Low,Medium,Yes,Yes,8,2,6,0,0,Yes,Yes,Yes,Desktop,1.75,2.0,0.0625,0.5,0.125,0.375,0.0,0.0,0.0,6.0,3.0,1.0,1.0,2.0,0.0,0.0,2.0,0.0
220,,No,2011,Tech Report,Tech Report,Linear Models,2014,Yes,No,Empirical,4,22,35,35,0,No,No,Good,High,Yes,Yes,11,5,6,0,0,No,No,No,Cluster,1.59090909090909,1.59090909090909,0.0,0.5,0.227272727272727,0.272727272727273,0.0,0.0,0.0,19.0,30.0,42.0,53.0,51.0,44.0,33.0,27.0,25.0
221,,No,2009,Journal,JMLR,Linear Models,2014,Yes,,Balance,3,17,18,50,1,Yes,No,Ok,Medium,Yes,Yes,14,6,8,0,0,No,No,Yes,Desktop,1.05882352941176,2.94117647058824,0.0588235294117647,0.823529411764706,0.3529411764705880,0.470588235294118,0.0,0.0,6.0,13.0,21.0,27.0,31.0,27.0,26.0,33.0,35.0,27.0
222,,No,2009,Conference,NIPS,Kernel/SVMs,2014,No,,Balance,2,9,25,40,0,Yes,No,Low,Low,No,Yes,10,0,4,6,0,No,No,No,Desktop,2.77777777777778,4.44444444444444,0.0,1.11111111111111,0.0,0.444444444444444,0.666666666666667,0.0,0.0,7.0,9.0,3.0,9.0,15.0,23.0,38.0,66.0,71.0
223,,No,2011,Conference,NIPS,Ensembling,2014,No,,Theory,2,9,11,43,3,No,No,Low,Medium,Yes,Yes,5,2,3,0,0,No,No,No,Desktop,1.22222222222222,4.77777777777778,0.333333333333333,0.555555555555556,0.222222222222222,0.333333333333333,0.0,0.0,0.0,3.0,2.0,3.0,0.0,2.0,1.0,0.0,0.0,0.0
224,,No,2008,Conference,NIPS,Ensembling,2014,No,,Theory,2,8,10,53,1,Yes,Yes,Low,High,Step-Code,Yes,7,4,3,0,0,No,No,No,Desktop,1.25,6.625,0.125,0.875,0.5,0.375,0.0,0.0,0.0,2.0,8.0,1.0,6.0,10.0,6.0,4.0,18.0,10.0
225,,No,2012,Conference,AAAI,NLP,2014,No,,Theory,7,7,37,36,1,No,Yes,Low,Low,Yes,Yes,8,4,4,0,0,No,No,No,Desktop,5.28571428571429,5.14285714285714,0.142857142857143,1.14285714285714,0.5714285714285710,0.5714285714285710,0.0,0.0,0.0,5.0,14.0,18.0,23.0,17.0,14.0,14.0,3.0,6.0
226,,No,2014,Conference,NIPS,Decision Trees,2014,Yes,,Theory,3,11,19,69,0,Yes,No,Low,High,Yes,Yes,11,0,8,0,3,Yes,No,Yes,Desktop,1.72727272727273,6.27272727272727,0.0,1.0,0.0,0.7272727272727270,0.0,0.272727272727273,0.0,15.0,30.0,15.0,21.0,20.0,40.0,21.0,0.0,0.0
227,,No,2007,Journal,Statistics and Computing,Clustering,2014,No,,Theory,1,32,67,155,5,No,No,Low,Medium,Step-Code,No,49,0,43,2,4,Yes,No,No,Desktop,2.09375,4.84375,0.15625,1.53125,0.0,1.34375,0.0625,0.125,47.0,87.0,199.0,284.0,383.0,465.0,510.0,593.0,631.0,689.0
228,,No,2015,Conference,ICML,Optimization,2015,No,,Theory,6,10,34,68,9,Yes,Yes,Ok,High,Yes,Yes,19,2,17,0,0,No,No,No,Cluster,3.4,6.8,0.9,1.9,0.2,1.7,0.0,0.0,12.0,15.0,30.0,25.0,22.0,27.0,13.0,0.0,0.0,0.0
229,,No,2014,Conference,NIPS,Optimization,2015,No,Yes,Balance,7,9,30,30,5,Yes,No,Ok,High,Yes,Yes,10,1,9,0,0,No,No,Yes,Cluster,3.3333333333333300,3.3333333333333300,0.555555555555556,1.11111111111111,0.111111111111111,1.0,0.0,0.0,6.0,35.0,34.0,58.0,36.0,42.0,52.0,32.0,0.0,0.0
230,,No,2015,Conference,ICLR,Optimization,2015,Yes,,Balance,2,7,17,46,0,Yes,No,Good,Medium,Yes,Yes,2,0,2,0,0,No,No,Yes,GPU,2.42857142857143,6.571428571428570,0.0,0.285714285714286,0.0,0.285714285714286,0.0,0.0,3.0,0.0,4.0,0.0,1.0,3.0,0.0,0.0,0.0,0.0
231,,No,2013,Conference,NIPS,Linear Models,2015,No,,Theory,5,12,31,81,5,Yes,Yes,Ok,High,Step-Code,Yes,15,2,13,0,0,No,Yes,Yes,Desktop,2.5833333333333300,6.75,0.4166666666666670,1.25,0.166666666666667,1.08333333333333,0.0,0.0,0.0,0.0,10.0,10.0,13.0,12.0,6.0,10.0,5.0,1.0
232,,No,2002,Conference,NIPS,Dimension Reduction,2015,Yes,No,Balance,2,7,11,16,0,No,No,Low,Low,No,Yes,2,0,0,2,0,No,No,Yes,Desktop,1.57142857142857,2.28571428571429,0.0,0.285714285714286,0.0,0.0,0.285714285714286,0.0,0.0,4.0,13.0,18.0,13.0,21.0,17.0,36.0,36.0,43.0
233,,No,2009,Conference,ICML,Deep Learning,2015,Yes,,Empirical,2,8,15,26,0,No,No,Low,High,Step-Code,Yes,6,0,4,2,0,No,No,Yes,Desktop,1.875,3.25,0.0,0.75,0.0,0.5,0.25,0.0,4.0,19.0,13.0,16.0,14.0,30.0,39.0,34.0,28.0,11.0
234,,No,2016,Workshop,ICML,Parallel Learning,2016,Yes,Yes,Theory,4,10,36,51,11,Yes,Yes,Low,Medium,Yes,Yes,12,2,10,0,0,No,Yes,Yes,Cluster,3.6,5.1,1.1,1.2,0.2,1.0,0.0,0.0,3.0,7.0,7.0,3.0,0.0,1.0,0.0,0.0,0.0,0.0
235,,No,2012,Journal,JMLR,Outlier Detection,2016,No,No,Theory,2,37,41,352,9,No,Yes,Good,Medium,No,Yes,18,7,11,0,0,Yes,No,No,Desktop,1.10810810810811,9.51351351351351,0.243243243243243,0.486486486486486,0.189189189189189,0.297297297297297,0.0,0.0,9.0,7.0,11.0,9.0,29.0,25.0,26.0,31.0,34.0,33.0
236,,No,2016,Conference,NIPS,Optimization,2016,No,No,Theory,2,9,21,111,19,Yes,Yes,Low,High,Yes,Yes,8,2,6,0,0,No,Yes,No,Desktop,2.3333333333333300,12.333333333333300,2.1111111111111100,0.8888888888888890,0.222222222222222,0.666666666666667,0.0,0.0,9.0,16.0,24.0,14.0,14.0,8.0,2.0,0.0,0.0,0.0
237,,No,2016,Conference,ICML,Linear Models,2016,No,,Theory,1,8,19,166,8,Yes,Yes,Low,Medium,Yes,Yes,0,0,0,0,0,No,No,No,Desktop,2.375,20.75,1.0,0.0,0.0,0.0,0.0,0.0,11.0,23.0,28.0,17.0,18.0,4.0,0.0,0.0,0.0,0.0
238,,No,2012,Conference,ICML,Graph Classification,2016,No,Yes,Balance,2,8,17,28,0,No,No,Ok,High,Yes,Yes,7,4,3,0,0,No,No,No,Desktop,2.125,3.5,0.0,0.875,0.5,0.375,0.0,0.0,0.0,2.0,2.0,10.0,5.0,3.0,6.0,3.0,2.0,1.0
239,,No,2016,Conference,ICML,Feature Engineering,2016,No,No,Theory,1,35,20,419,23,No,Yes,Ok,Low,Yes,Yes,2,0,1,0,1,No,No,No,Desktop,0.5714285714285710,11.9714285714286,0.6571428571428570,0.0571428571428571,0.0,0.0285714285714286,0.0,0.0285714285714286,15.0,18.0,9.0,8.0,9.0,6.0,0.0,0.0,0.0,0.0
240,,No,2016,Journal,VLDB,Clustering,2016,No,,Theory,5,12,36,27,6,No,Yes,Low,Medium,Yes,Yes,15,5,10,0,0,Yes,Yes,Yes,Cluster,3.0,2.25,0.5,1.25,0.4166666666666670,0.833333333333333,0.0,0.0,179.0,66.0,57.0,81.0,75.0,40.0,0.0,0.0,0.0,0.0
241,,No,2002,Journal,Pattern Analysis and Machine Intelligence,Clustering,2016,No,,Balance,3,13,64,99,0,Yes,Yes,Ok,High,Yes,No,33,1,32,0,0,Yes,No,Yes,Desktop,4.92307692307692,7.61538461538462,0.0,2.53846153846154,0.0769230769230769,2.46153846153846,0.0,0.0,14.0,44.0,63.0,94.0,91.0,95.0,127.0,138.0,138.0,147.0
242,,No,2006,Journal,"Systems, Man, and Cybernetics",Clustering,2016,No,,Theory,2,14,46,90,0,No,Yes,Low,High,No,No,18,2,10,6,0,Yes,No,No,Desktop,3.28571428571429,6.428571428571430,0.0,1.28571428571429,0.142857142857143,0.7142857142857140,0.4285714285714290,0.0,1.0,3.0,7.0,10.0,9.0,6.0,14.0,8.0,11.0,3.0
243,,No,2016,Conference,ICML,Clustering,2016,No,,Theory,4,17,30,94,9,Yes,Yes,Good,Low,Yes,Yes,4,2,2,0,0,No,No,No,Desktop,1.7647058823529400,5.52941176470588,0.529411764705882,0.235294117647059,0.117647058823529,0.117647058823529,0.0,0.0,0.0,2.0,2.0,3.0,6.0,2.0,0.0,0.0,0.0,0.0
244,,No,2016,Conference,NIPS,Clustering,2016,No,No,Theory,4,9,18,63,1,Yes,No,Ok,Low,Yes,Yes,15,3,12,0,0,No,No,Yes,Desktop,2.0,7.0,0.111111111111111,1.6666666666666700,0.333333333333333,1.33333333333333,0.0,0.0,0.0,17.0,19.0,13.0,25.0,11.0,0.0,0.0,0.0,0.0
245,,No,2000,Conference,NIPS,Clustering,2016,No,,Theory,1,7,9,34,0,No,No,Low,High,No,No,3,0,2,1,0,Yes,No,No,Desktop,1.28571428571429,4.85714285714286,0.0,0.4285714285714290,0.0,0.285714285714286,0.142857142857143,0.0,5.0,3.0,9.0,5.0,14.0,8.0,28.0,25.0,46.0,44.0
246,,No,2014,Conference,NIPS,Parallel Learning,2017,Yes,Yes,Theory,7,9,30,34,5,Yes,No,Low,Medium,Step-Code,Yes,10,1,9,0,0,No,Yes,Yes,Cluster,3.3333333333333300,3.77777777777778,0.555555555555556,1.11111111111111,0.111111111111111,1.0,0.0,0.0,4.0,35.0,33.0,56.0,36.0,43.0,50.0,31.0,0.0,0.0
247,,No,2015,Conference,KDD,Parallel Learning,2017,No,No,Balance,5,9,26,66,1,Yes,Yes,Ok,Low,Step-Code,Yes,19,1,18,0,0,No,Yes,Yes,Desktop,2.88888888888889,7.33333333333333,0.111111111111111,2.1111111111111100,0.111111111111111,2.0,0.0,0.0,1.0,2.0,4.0,5.0,2.0,5.0,6.0,0.0,0.0,0.0
248,,No,2017,Journal,JMLR,Feature Engineering,2017,Yes,No,Balance,3,32,43,175,3,No,Yes,Low,High,Step-Code,Yes,47,8,39,0,0,No,Yes,Yes,Desktop,1.34375,5.46875,0.09375,1.46875,0.25,1.21875,0.0,0.0,60.0,18.0,12.0,16.0,15.0,0.0,0.0,0.0,0.0,0.0
249,,No,2016,Conference,ICLR,Fairness,2017,No,No,Theory,2,12,26,31,1,Yes,Yes,Low,High,Yes,Yes,10,0,9,1,0,Yes,No,Yes,GPU,2.1666666666666700,2.5833333333333300,0.0833333333333333,0.833333333333333,0.0,0.75,0.0833333333333333,0.0,2.0,17.0,45.0,74.0,97.0,61.0,0.0,0.0,0.0,0.0
250,,No,2016,Conference,ICLR,Fairness,2017,No,No,Empirical,5,10,18,51,0,Yes,No,Low,High,No,Yes,18,2,13,3,0,No,No,No,GPU,1.8,5.1,0.0,1.8,0.2,1.3,0.3,0.0,10.0,24.0,52.0,76.0,100.0,50.0,0.0,0.0,0.0,0.0
251,,No,2017,Conference,KDD,Fairness,2017,Yes,,Theory,4,5,14,42,0,No,Yes,Low,Medium,No,Yes,8,0,8,0,0,No,No,No,Desktop,2.8,8.4,0.0,1.6,0.0,1.6,0.0,0.0,0.0,22.0,94.0,140.0,154.0,0.0,0.0,0.0,0.0,0.0
252,,No,2013,Conference,ICML,Fairness,2017,No,No,Empirical,5,9,12,42,0,No,No,Low,High,No,Yes,8,0,8,0,0,No,No,Partial,GPU,1.33333333333333,4.66666666666667,0.0,0.8888888888888890,0.0,0.8888888888888890,0.0,0.0,2.0,7.0,14.0,23.0,70.0,122.0,192.0,268.0,214.0,0.0